text,audio,speaker,output_checkpoint-309,output_checkpoint-1854,output_checkpoint-2781,output_checkpoint-927,output_checkpoint-1236,output_checkpoint-2472,output_checkpoint-2163,output_checkpoint-1545,output_checkpoint-3090,output_checkpoint-618,openai_whisper-large-v3
Šesti planet je biv deset put veći. Na njin je bivav niki stari čovik ki je pisav vele knjige.,data/test/MP_15_60.527-67.71.mp3,Autor, Šesti planet je biv deset put veći. Na njin je bivav niki stari čovik ki je pisav vele knjige. , Šesti planet je biv deset put veći. Na njin je bivav niki stari čovik ki je pisav vele knjige., Šesti planet je biv deset put veći. Na njin je bivav niki stari čovik ki je pisav vele knjige., Šesti planet je biv deset put veći. Na njin je bivav niki stari čovik ki je pisav vele knjige., Šesti planet je biv deset put veći. Na njin je bivav niki stari čovik ki je pisav vele knjige., Šesti planet je biv deset put veći. Na njin je bivav niki stari čovik ki je pisav vele knjige., Šesti planet je biv deset put veći. Na njin je bivav niki stari čovik ki je pisav vele knjige., Šesti planet je biv deset put veći. Na njin je bivav niki stari čovik ki je pisav vele knjige., Šesti planet je biv deset put veći. Na njin je bivav niki stari čovik ki je pisav vele knjige., Šesti planet je biv deset put veći. Na njin je bivav niki stari čovik ki je pisav vele knjige.," Šesti planet je bio deset puta veći. Na njih je bivao neki stari čovjek, koji je pisao veličine knjige."
Oho! Evo meni jednoga istraživača!,data/test/MP_15_68.5-72.45.mp3,Geograf," Oho, evo meni jednoga istraživača!", „Oho! Evo meni jednoga istraživača!“,• Oho! Evo meni jednoga istraživača!• , „Oho! Evo meni jednoga istraživača!“, „Oho! Evo meni jednoga istraživača!“, „Oho! Evo meni jednoga istraživača!“, „Oho! Evo meni jednoga istraživača!“, „Oho! Evo meni jednoga istraživača!“,• Oho! Evo meni jednoga istraživača!• , „Oho! Evo meni jednoga istraživača!“," Oho, evo meni jednoga istraživača."
Mići Princ side na stov malo zapuhan. Biv je prepasav već tulik put!,data/test/MP_15_72.88-77.94.mp3,Autor, Mići Princ side na stov malo zapuhan. Biv je prepasav već tulik put!, Mići Princ side na stov malo zapuhan. Biv je prepasav već tuliki put!, Mići Princ side na stov malo zapuhan. Biv je prepasav već tuliki put!, Mići Princ side na stov malo zapuhan. Biv je prepasav već tuliki put!, Mići Princ side na stov malo zapuhan. Biv je prepasav već tuliki put!, Mići Princ side na stov malo zapuhan. Biv je prepasav već tuliki put!, Mići Princ side na stov malo zapuhan. Biv je prepasav već tuliki put!, Mići Princ side na stov malo zapuhan. Biv je prepasav već tuliki put!, Mići Princ side na stov malo zapuhan. Biv je prepasav već tuliki put!, Mići Princ side na stov malo zapuhan. Biv je prepasav već tuliki put!," Mići princ sile na slov, malo zapuhan. Biv je prepasav već toliki put."
A odokli si ti?,data/test/MP_15_78.52-80.32.mp3,Geograf, „A odokle si ti?“.,• A odokle si ti?,• A odokle si ti?,• A odokle si ti?,• A odokle si ti?,• A odokle si ti?,• A odokle si ti?,• A odokle si ti?,• A odokle si ti?,• A odokle si ti?• , A o doklišti?
Kakova je to debela knjiga? Ča vi ovdi dilate?,data/test/MP_15_80.52-84.36.mp3,Mići Princ,• Kakova je to debela knjiga? Ča vi ovdi dilate?• ,• Kakova je to debela knjiga? Ča vi ovdi dilate?• ,• Kakova je to debela knjiga? Ča vi ovdi dilate?• ,• Kakova je to debela knjiga? Ča vi ovdi dilate?• ,• Kakova je to debela knjiga? Ča vi ovdi dilate?• ,• Kakova je to debela knjiga? Ča vi ovdi dilate?• ,• Kakova je to debela knjiga? Ča vi ovdi dilate?• ,• Kakova je to debela knjiga? Ča vi ovdi dilate?• ,• Kakova je to debela knjiga? Ča vi ovdi dilate?• ,• Kakova je to debela knjiga? Ča vi ovdi dilate?• , Kakova je to debela knjiga? Ča vi ovdje dilate?
Ja san ti geograf.,data/test/MP_15_84.61-86.6.mp3,Geograf, Ja san ti geograf., „Jast san ti geograf.“ „, „Jast san ti geograf.“ „, „Ja san ti geograf.“ „, „Ja san ti geograf.“ „, „Jast san ti geograf.“ „, „Jast san ti geograf.“ „, „Jast san ti geograf.“ „, „Jast san ti geograf.“ „, „Ja san ti geograf.“ „, Ja sam ti geograf.
Ča je to geograf?,data/test/MP_15_86.81-87.96.mp3,Mići Princ, Ča je to geograf?, Ča je to geograf?• , Ča je to geograf?• , Ča je to geograf?• , Ča je to geograf?• , Ča je to geograf?• , Ča je to geograf?• , Ča je to geograf?• , Ča je to geograf?• , Ča je to geograf?• , Če je to geograf?
"To je učeni čovik ki zna kadi su mora, rike, veli gradi, planine i pustinje.",data/test/MP_15_88.31-96.91.mp3,Geograf," To je učeni čovik ki zna kadi su mora, rike, veli gradi, planine i pustinje."," „To je učeni čovik ki zna kadi su mora, rike, veli gradi, planine i pustinje.“."," „To je učeni čovik ki zna kadi su mora, rike, veli gradi, planine i pustinje.“."," „To je učeni čovik ki zna kadi su mora, rike, veli gradi, planine i pustinje.“."," „To je učeni čovik ki zna kadi su mora, rike, veli gradi, planine i pustinje.“."," „To je učeni čovik ki zna kadi su mora, rike, veli gradi, planine i pustinje.“."," „To je učeni čovik ki zna kadi su mora, rike, veli gradi, planine i pustinje.“."," „To je učeni čovik ki zna kadi su mora, rike, veli gradi, planine i pustinje.“."," „To je učeni čovik ki zna kadi su mora, rike, veli gradi, planine i pustinje.“."," „To je učeni čovik ki zna kadi su mora, rike, veli gradi, planine i pustinje.“."," To je učeni čovjek ki znaka gdje su mora, rike, veligradi, planine i pustinje."
"To je zanimjivo. Viš, na kraju jeniga od praviga zanimanja!",data/test/MP_15_97.59-101.61.mp3,Mići Princ," „To je zanimjivo. Viš, na kraju jedniga od praviga zanimanja.“",• To je zanimjivo. Viš na kraju jeniga od praviga zanimanja!• ,• To je zanimjivo. Viš na kraju jeniga od praviga zanimanja!• ," „To je zanimjivo. Viš, na kraju jeniga od praviga zanimanja!“","• To je zanimjivo. Viš, na kraju jeniga od praviga zanimanja!• ",• To je zanimjivo. Viš na kraju jeniga od praviga zanimanja!• ,• To je zanimjivo. Viš na kraju jeniga od praviga zanimanja!• ,• To je zanimjivo. Viš na kraju jeniga od praviga zanimanja!• ,• To je zanimjivo. Viš na kraju jeniga od praviga zanimanja!• ," „To je zanimjivo. Viš, na kraju jeniga od praviga zanimanja!“", To je zanimivo. Viš na kraju jedniga od pravih zanimanja.
I obazre se malo okoli sebe po geografovin planetu. Nigdar ni još videv takov veličanstven planet.,data/test/MP_15_102.12-108.81.mp3,Autor, I obazre se malo okoli sebe po geograf ovin planetu. Nigdar ni još videv takov veličanstven planet! , I obazre se malo okoli sebe po geografovin planetu. Nigdar ni još videv takov veličanstven planet!, I obazre se malo okoli sebe po geografovin planetu. Nigdar ni još videv takov veličanstven planet!, I obazre se malo okoli sebe po geografovin planetu. Nigdar ni još videv takov veličanstven planet!, I obazre se malo okoli sebe po geografovin planetu. Nigdar ni još videv takov veličanstven planet!, I obazre se malo okoli sebe po geografovin planetu. Nigdar ni još videv takov veličanstven planet!, I obazre se malo okoli sebe po geografovin planetu. Nigdar ni još videv takov veličanstven planet!, I obazre se malo okoli sebe po geografovin planetu. Nigdar ni još videv takov veličanstven planet!, I obazre se malo okoli sebe po geografovin planetu. Nigdar ni još videv takov veličanstven planet!, I obazre se malo okoli sebe po geografovin planetu. Nigdar ni još videv takov veličanstven planet!, i obadra se malo okoli sebe po geografovim planetu. Nikdar nije još vidio tako veličanski planet.
Vaš je planet jako lip. Su na njin oceani?,data/test/MP_15_109.42-112.63.mp3,Mići Princ, Vaš je planet jako lip. Su na njin oceani?, Vaš je planet jako lip. Su na njin oceani.• , Vaš je planet jako lip. Su na njin oceani.• , Vaš je planet jako lip. Su na njin oceani., Vaš je planet jako lip. Su na njin oceani.• , Vaš je planet jako lip. Su na njin oceani.• , Vaš je planet jako lip. Su na njin oceani.• , Vaš je planet jako lip. Su na njin oceani.• , Vaš je planet jako lip. Su na njin oceani.• , Vaš je planet jako lip. Su na njin oceani., Vaš je planet jako lijep. Su na njim oceani.
E to ti ja ne moren znat.,data/test/MP_15_113.16-115.12.mp3,Geograf, to ti ja ne moren znat., to ti ja ne moren znači.• , to ti ja ne moren znači.• , to ti ja ne moren znač...• , to ti ja ne moren znači.• , to ti ja ne moren znači.• , to ti ja ne moren znači.• , to ti ja ne moren znači.• , to ti ja ne moren znači.• , to ti ja ne moren znač...• , to ti ja ne moram znat
"Ah, a planine?",data/test/MP_15_115.42-116.96.mp3,Mići Princ," Ah, a planine?"," Ah, a planine? "," Ah, a planine? "," Ah, a planine?"," Ah, a planine?"," Ah, a planine? "," Ah, a planine? "," Ah, a planine?"," Ah, a planine? "," Ah, a planine?"," Ach, a planine?"
Ni to ti ne moren znat.,data/test/MP_15_117.4-119.45.mp3,Geograf, Ni to ti ne moreš znat. , „Ni to ti ne moreš znat.“ , „Ni to ti ne moreš znat.“ , „Ni to ti ne moreš znat.“ , „Ni to ti ne moreš znat.“ , „Ni to ti ne moreš znat.“ , „Ni to ti ne moreš znat.“ , „Ni to ti ne moreš znat.“ , „Ni to ti ne moreš znat.“ , „Ni to ti ne moreš znat.“ , Ni to ti ne moreš znat.
"A gradi, rike ili pustinje?",data/test/MP_15_119.6-121.71.mp3,Mići Princ," A gradi, rike ili pustinje?• ","• A gradi, rike il pustinje?•• ","• A gradi, rike il pustinje?•• ","• A gradi, rike il pustinje?•• ","• A gradi, rike il pustinje?•• ","• A gradi, rike il pustinje?•• ","• A gradi, rike il pustinje?•• ","• A gradi, rike il pustinje?•• ","• A gradi, rike il pustinje?•• "," A gradi, rike il pustinje?•"," A gradi, rike ili pustinje?"
"Ne, ni to ti ne moren znat.",data/test/MP_15_121.78-124.31.mp3,Geograf," „Ne, nito ti ne more znat.“","• Ne, ni to ti ne moren znat.• ","• Ne, ni to ti ne moren znat.• ","• Ne, ni to ti ne moren znat.• ","• Ne, ni to ti ne moren znat.• ","• Ne, ni to ti ne moren znat.• ","• Ne, ni to ti ne moren znat.• ","• Ne, ni to ti ne moren znat.• ","• Ne, ni to ti ne moren znat.• ","• Ne, ni to ti ne moren znat.• "," Ne, nito ti ne more znati."
Ma vi ste geograf!,data/test/MP_15_124.47-125.38.mp3,Mići Princ, Ma vi ste geograf! , Ma vi ste geografi?• , Ma vi ste geografi?• , Ma vi ste geografi?• , Ma vi ste geografi?• , Ma vi ste geografi?• , Ma vi ste geografi?• , Ma vi ste geografi?• , Ma vi ste geografi?• , Ma vi ste geografi?• , Ma vi ste geograf?
"Je, to je istina, ali nisan ja istraživač. I meni istraživači jako falu. Geograf neće brojit gradi, rike, planine, mora, veli oceani i pustinje. Geograf je jako važan da bi samo tako – okolo tekal i lutal. Un je duron va svojoj sobi na poslu. Ma zato un rado dočekuje sve istraživače. Un ih ispićuje i zapisuje njihove uspomene. Pa ako mu se od toga ča to učini važnin, unda geograf naredi da se ispita i poštenje istraživača.",data/test/MP_15_125.41-168.8.mp3,Geograf," Je, to je istina, ali nisan ja istraživač. I meni istraživači jako falu. Geograf neće brojit gradi, rike, planine, mora, veli oceani i pustinje. Geograf je jako važan da bi samo tako – okolo tekal i lutal. Un je duron va svojoj sobi na poslu, ma zato un rado dočekuje sve istraživače. Un je duron va svojoj sobi na poslu, ma zato un rado dočekuje sve istraživače. U njegu je duro važan da bi samo tako – okolo tekal i lutal. Un je duron va svojoj sobi na poslu, ma zato un rado dočekuje sve istraživače. Un ih ispićuje i zapisuje njihove uspomene. Pa ako mu se od toga ča to učini važnin, unda geograf naredi da se ispita i poštenje istraživača. "," „Je, to je istina, ali nisan ja istraživač. I meni istraživači jako falu. Geograf neće brojit gradi, rike, planine, mora, veli oceani i pustinje. Geograf je jako važan da bi samo tako okolo tekal i lutal. Un je duron va svojoj sobi na poslu, ma zato un rado dočekuje sve istraživače. Un je duron va svojoj sobi na poslu, ma zato un rado dočekuje sve istraživače. Un ih ispićuje i zapisuje njihove uspomene. Pa ako mu se od to ča to učini važnin, unda geograf naredi da se ispita i poštenje istraživača.• ","• Je, to je istina, ali nisan ja istraživač. I meni istraživači jako falu. Geograf neće brojit gradi, rike, planine, mora, veli oceani i pustinje. Geograf je jako važan da bi samo tako okolo tekal i lutal. Un je duron va svojoj sobi na poslu, ma zato un rado dočekuje sve istraživače. Un je duron va svojoj sobi na poslu, ma zato un rado dočekuje sve istraživače. Un ih ispićuje i zapisuje njihove uspomene. Pa ako mu se od to ča to učini važnin, unda geograf naredi da se ispita i poštenje istraživača.• "," „Je, to je istina, ali nisan ja istraživač. I meni istraživači jako falu. Geograf neće brojit gradi, rike, planine, mora, veli oceani i pustinje. Geograf je jako važan da bi samo tako okolo tekal i lutal. Un je duron va svojoj sobi na poslu, ma zato un rado dočekuje sve istraživače. Un je duron va svojoj sobi na poslu, ma zato un rado dočekuje sve istraživače. Un ih ispićuje i zapisuje njihove uspomene. Pa ako mu se od to ča to učini važnin, unda geograf naredi da se ispita i poštenje istraživača.• "," „Je, to je istina, ali nisan ja istraživač. I meni istraživači jako falu. Geograf neće brojit gradi, rike, planine, mora, veli oceani i pustinje. Geograf je jako važan da bi samo tako okolo tekal i lutal. Un je duron va svojoj sobi na poslu, ma zato un rado dočekuje sve istraživače. Un je duron va svojoj sobi na poslu, ma zato un rado dočekuje sve istraživače. Un ih ispićuje i zapisuje njihove uspomene. Pa ako mu se od to ča to učini važnin, unda geograf naredi da se ispita i poštenje istraživača.• ","• Je, to je istina, ali nisan ja istraživač. I meni istraživači jako falu. Geograf neće brojit gradi, rike, planine, mora, veli oceani i pustinje. Geograf je jako važan da bi samo tako okolo tekal i lutal. Un je duron va svojoj sobi na poslu, ma zato un rado dočekuje sve istraživače. Un je duron va svojoj sobi na poslu, ma zato un rado dočekuje sve istraživače. Un ih ispićuje i zapisuje njihove uspomene. Pa ako mu se od to ča to učini važnin, unda geograf naredi da se ispita i poštenje istraživača.• ","• Je, to je istina, ali nisan ja istraživač. I meni istraživači jako falu. Geograf neće brojit gradi, rike, planine, mora, veli oceani i pustinje. Geograf je jako važan da bi samo tako okolo tekal i lutal. Un je duron va svojoj sobi na poslu, ma zato un rado dočekuje sve istraživače. Un je duron va svojoj sobi na poslu, ma zato un rado dočekuje sve istraživače. Un ih ispićuje i zapisuje njihove uspomene. Pa ako mu se od to ča to učini važnin, unda geograf naredi da se ispita i poštenje istraživača.• "," „Je, to je istina, ali nisan ja istraživač. I meni istraživači jako falu. Geograf neće brojit gradi, rike, planine, mora, veli oceani i pustinje. Geograf je jako važan da bi samo tako okolo tekal i lutal. Un je duron va svojoj sobi na poslu, ma zato un rado dočekuje sve istraživače. Un je duron va svojoj sobi na poslu, ma zato un rado dočekuje sve istraživače. Un ih ispićuje i zapisuje njihove uspomene. Pa ako mu se od to ča to učini važnin, unda geograf naredi da se ispita i poštenje istraživača.• ","• Je, to je istina, ali nisan ja istraživač. I meni istraživači jako falu. Geograf neće brojit gradi, rike, planine, mora, veli oceani i pustinje. Geograf je jako važan da bi samo tako okolo tekal i lutal. Un je duron va svojoj sobi na poslu, ma zato un rado dočekuje sve istraživače. Un je duron va svojoj sobi na poslu, ma zato un rado dočekuje sve istraživače. Un ih ispićuje i zapisuje njihove uspomene. Pa ako mu se od to ča to učini važnin, unda geograf naredi da se ispita i poštenje istraživača.• "," Je, to je istina, ali nisan ja istraživač. I meni istraživači jako falu. Geograf neće brojit gradi, rike, planine, mora, veli oceani i pustinje. Geograf je jako važan da bi samo tako okolo tekal i lutal. Un je duron va svojoj sobi na poslu, ma zato un rado dočekuje sve istraživače. Un je duron va svojoj sobi na poslu, ma zato un rado dočekuje sve istraživače. U nje duro važiuje njiho uspomene. Pa ako mu se od to ča to učini važnin, unda geograf naredi da se ispita i poštenje istraživača.• "," Je, to je istina, ali nisam ja istraživač. I meni istraživači jako falu. Geograf neće brojit gradi, rike, planine, mora, velioceani i pustinje. Geograf je jako važan da bi samo tako okolo tekal i lutal. On je duran u svojoj sobi na poslu. Ma zato on rado dočekuje sve istraživače. On ih ispitjuje i zapisuje njihove uspomene. Pa ako mu se od toga čato učini važnin, onda geograf naredi da se ispita i poštenje istraživača."
Zača to?,data/test/MP_15_169.31-169.95.mp3,Mići Princ, Zača to?, „Zača to?“, „Zača to!“, „Zača to?“, „Zača to?“, „Zača to!“, „Zača to?“, „Zača to?“, „Zača to!“, „Zača to?“, Zatša to.
"Zato, boj bi istraživač ki laže učinil veli konfužijun va knjigamin od geografije. To se na isti mod more reć i za istraživača ki malo priko mere i popije.",data/test/MP_15_170.38-184.96.mp3,Geograf," Zato, boj bi istraživač ki laže učin veli konfužijun va knjigamin od geografije. To se na isti mod more reć i za istraživača ki malo priko mere i popije. "," Zato, boj bi istraživač ki laže učin veli konfužijun va knjigamin od geografije. To se na isti mod more reć i za istraživača ki malo priko mere i popije.• "," Zato, boj bi istraživač ki laže učin veli konfužijun va knjigamin od geografije. To se na isti mod more reć i za istraživača ki malo priko mere i popije.• "," Zato, boj bi istraživač ki laže učin veli konfužijun va knjigamin od geografije. To se na isti mod more reć i za istraživača ki malo priko mere i popije.• "," Zato, boj bi istraživač ki laže učin veli konfužijun va knjigamin od geografije. To se na isti mod more reć i za istraživača ki malo priko mere i popije.• "," Zato, boj bi istraživač ki laže učin veli konfužijun va knjigamin od geografije. To se na isti mod more reć i za istraživača ki malo priko mere i popije.• "," Zato, boj bi istraživač ki laže učin veli konfužijun va knjigamin od geografije. To se na isti mod more reć i za istraživača ki malo priko mere i popije.• "," Zato, boj bi istraživač ki laže učin veli konfužijun va knjigamin od geografije. To se na isti mod more reć i za istraživača ki malo priko mere i popije.• "," Zato, boj bi istraživač ki laže učin veli konfužijun va knjigamin od geografije. To se na isti mod more reć i za istraživača ki malo priko mere i popije.• "," Zato, boj bi istraživač ki laže učin veli konfužijun va knjigamin od geografije. To se na isti mod more reć i za istraživača ki malo priko mere i popije.• ", Zato bojbi istraživački laže učinil velik konfužijun ba knjigamin od geografije. To se na isti mod more reći i za istraživača ki malo prikomere i popije.
A zač?,data/test/MP_15_185.19-185.65.mp3,Mići Princ, A sad?, A zav?• Š?• , A zav?• , A zav?• Š?• , A zav?• , A zav?• Š?• , A zav?• Š?• , A zav?• , A zav?• , A zad?• Š?• , A sad?
"Zato, boj pijani ljudi vidu sve na duplo, pa bi tako geograf va libar sinjal dvi planine i tamo kadi nisu dvi nego je samo jedna.",data/test/MP_15_186.13-198.46.mp3,Geograf," Zato, boj pijani ljudi vidu sve na duplo, pa bi tako geograf va libar sinjal dvi planine i tamo kadi nisu dvi nego je samo jedna. "," Zato, boj pijani ljudi vidu sve na duplo, pa bi tako geograf va libar sinjal dvi planine i tamo kadi nisu dvi nego je samo jedna."," Zato, boj pijani ljudi vidu sve na duplo, pa bi tako geograf va libar sinjal dvi planine i tamo kadi nisu dvi nego je samo jedna."," Zato, boj pijani ljudi vidu sve na duplo, pa bi tako geograf va libar sinjal dvi planine i tamo kadi nisu dvi nego je samo jedna."," Zato, boj pijani ljudi vidu sve na duplo, pa bi tako geograf va libar sinjal dvi planine i tamo kadi nisu dvi nego je samo jedna."," Zato, boj pijani ljudi vidu sve na duplo, pa bi tako geograf va libar sinjal dvi planine i tamo kadi nisu dvi nego je samo jedna."," Zato, boj pijani ljudi vidu sve na duplo, pa bi tako geograf va libar sinjal dvi planine i tamo kadi nisu dvi nego je samo jedna."," Zato, boj pijani ljudi vidu sve na duplo, pa bi tako geograf va libar sinjal dvi planine i tamo kadi nisu dvi nego je samo jedna."," Zato, boj pijani ljudi vidu sve na duplo, pa bi tako geograf va libar sinjal dvi planine i tamo kadi nisu dvi nego je samo jedna."," Zato, boj pijani ljudi vidu sve na duplo, pa bi tako geograf va libar sinjal dvi planine i tamo kadi nisu dvi nego je samo jedna."," Zato boj pijani ljudi vidu sve na duplo, pa bi tako geograf Valibar činjal dvi planine i tamo, kada nisu dvi, nego samo jedna."
Poznan nikiga ki bi biv jako loš istraživač.,data/test/MP_15_198.72-201.29.mp3,Mići Princ, Poznan nikiga ki bi biv jako loš istraživač., Poznan nikiga ki bi biv jako loš istraživač.• , Poznan nikiga ki bi biv jako loš istraživač.• , Poznan nikiga ki bi biv jako loš istraživač.• , Poznan nikiga ki bi biv jako loš istraživač.• , Poznan nikiga ki bi biv jako loš istraživač.• , Poznan nikiga ki bi biv jako loš istraživač.• , Poznan nikiga ki bi biv jako loš istraživač.• , Poznan nikiga ki bi biv jako loš istraživač.• , Poznan nikiga ki bi biv jako loš istraživač.• , Poznan niki haki bi bio jako loš istraživač.
"Moguće je. To pari, da kad je moral istraživača dobar, unda se i njigovo otkriće istražuje.",data/test/MP_15_201.53-210.02.mp3,Geograf," Moguće je, to pari, da kad je moral istraživača dobar, onda se i njigo otkriće istražuje. "," Moguće je to pari da kad je moral istraživača dobar, unda se i njigo otkriće istražuje."," Moguće je to pari da kad je moral istraživača dobar, unda se i njigo otkriće istražuje."," Moguće je, to pari, da kad je moral istraživača dobar, onda se i njigo otkriće istražuje."," Moguće je, to pari, da kad je moral istraživača dobar, unda se i njigo otkriće istražuje."," Moguće je to pari da kad je moral istraživača dobar, unda se i njigo otkriće istražuje."," Moguće je to pari da kad je moral istraživača dobar, unda se i njigo otkriće istražuje."," Moguće je, to pari, da kad je moral istraživača dobar, unda se i njigo otkriće istražuje."," Moguće je to pari da kad je moral istraživača dobar, unda se i njigo otkriće istražuje."," Moguće je, to pari, da kad je moral istraživača dobar, unda se i njigo otkriće istražuje."," Moguće je to pari da kad je moral istraživača dobar, onda se i njegovo otkriće istražuje."
Gre se na lice mista?,data/test/MP_15_210.12-211.68.mp3,Mići Princ, Gre se na lice mista., Gre se na lice mista., Gre se na lice mista., Gre se na lice mista., Gre se na lice mista., Gre se na lice mista., Gre se na lice mista., Gre se na lice mista., Gre se na lice mista., Gre se na lice mista., Gre se na lice mista.
"Ne. To je teško. Ma se zato od istraživača išće da pokaže i dokazi. Za jedan primjer, ako ki riče da je otkril jednu velu planinu, unda se od njega išće da donese i prezenta i velo stenje od te planine.",data/test/MP_15_211.91-230.39.mp3,Geograf," Ne, to je teško, ma se zato od istraživača išće da pokaže i dokazi. Za jedan primjer, ako ki riče da je otkril jednu velu planinu, unda se od njega išće da donese i prezenta i velo stenje od te planine. "," Ne, to je teško, ma se zato od istraživača išće da pokaže i dokazi. Za jedan primjer, ako ki riče da je otkril jednu velu planinu, unda se od njega išće da donese i prezenta i velo stenje od te planine."," Ne, to je teško, ma se zato od istraživača išće da pokaže i dokazi. Za jedan primjer, ako ki riče da je otkril jednu velu planinu, unda se od njega išće da donese i prezenta i velo stenje od te planine."," Ne, to je teško, ma se zato od istraživača išće da pokaže i dokazi. Za jedan primjer, ako ki riče da je otkril jednu velu planinu, unda se od njega išće da donese i prezenta i velo stenje od te planine."," Ne, to je teško, ma se zato od istraživača išće da pokaže i dokazi. Za jedan primjer, ako ki riče da je otkril jednu velu planinu, unda se od njega išće da donese i prezenta i velo stenje od te planine."," Ne, to je teško, ma se zato od istraživača išće da pokaže i dokazi. Za jedan primjer, ako ki riče da je otkril jednu velu planinu, unda se od njega išće da donese i prezenta i velo stenje od te planine."," Ne, to je teško, ma se zato od istraživača išće da pokaže i dokazi. Za jedan primjer, ako ki riče da je otkril jednu velu planinu, unda se od njega išće da donese i prezenta i velo stenje od te planine."," Ne, to je teško, ma se zato od istraživača išće da pokaže i dokazi. Za jedan primjer, ako ki riče da je otkril jednu velu planinu, unda se od njega išće da donese i prezenta i velo stenje od te planine."," Ne, to je teško, ma se zato od istraživača išće da pokaže i dokazi. Za jedan primjer, ako ki riče da je otkril jednu velu planinu, unda se od njega išće da donese i prezenta i velo stenje od te planine."," Ne, to je teško, ma se zato od istraživača išće da pokaže i dokazi. Za jedan primjer, ako ki riče da je otkril jednu velu planinu, unda se od njega išće da donese i prezenta i velo stenje od te planine."," Ne, to je teško. Ma se zato od istraživača išće da pokaže i dokazi. Za jedan primjer, ako Ki reče da je otkrijel jednu velu planinu, onda se od njega išće da donese i prezenta i velostenje od te planine."
Geograf se najedanput znemiri.,data/test/MP_15_230.71-233.01.mp3,Autor, Geograf se najedanput znemiri., Geograf se najedanput znemiri., Geograf se najedanput znemiri. , Geograf se najedanput znemiri., Geograf se najedanput znemiri., Geograf se najedanput znemiri. , Geograf se najedanput znemiri. , Geograf se najedanput znemiri., Geograf se najedanput znemiri. , Geograf se najedanput znemiri., Geograf se na jedan put znemiri.
Pa ti si došal od daleka! Ti si istraživač! Opiši mi svoju planetu!,data/test/MP_15_233.22-240.46.mp3,Geograf, „Pa ti si došal od daleka. Ti si istraživač. Opiši mi svoju planetu!“., „Pa ti si došal od daleka. Ti si istraživač. Opiši mi svoju planetu!“, „Pa ti si došal od daleka. Ti si istraživač. Opiši mi svoju planetu!“, „Pa ti si došal od daleka. Ti si istraživač. Opiši mi svoju planetu!“, „Pa ti si došal od daleka. Ti si istraživač. Opiši mi svoju planetu!“, „Pa ti si došal od daleka. Ti si istraživač. Opiši mi svoju planetu!“, „Pa ti si došal od daleka. Ti si istraživač. Opiši mi svoju planetu!“, „Pa ti si došal od daleka. Ti si istraživač. Opiši mi svoju planetu!“, „Pa ti si došal od daleka. Ti si istraživač. Opiši mi svoju planetu!“, „Pa ti si došal od daleka. Ti si istraživač. Opiši mi svoju planetu!“," Pa, ti si došao od daleka, ti si istraživač, opiši mi svoju planetu."
"I geograf otpre svoj debeli zapisnik pa našpiči lapiš. Pripovidanje istraživača senjiva se prvo z lapišon. Da bi se pokle zapisalo s tintu, čeka se da istraživač prnese dokaze.",data/test/MP_15_240.72-254.31.mp3,Autor," I geograf otpre svoj debeli zapisnik pa našpiči lapiš. Pripovidanje istraživača senjiva se prvo z lapišon. Da bi se pokle zapisalo s tintu, čeka se da istraživač prnese dokaze. ", I geograf otpre svoj debeli zapisnik pa našpiči lapiš. Pripovidan je istraživača senjiva se prvo z lapišon da bi se pokle zapisalo s tintu. Čeka se da istraživač prnese dokaze. , I geograf otpre svoj debeli zapisnik pa našpiči lapiš. Pripovidan je istraživača senjiva se prvo z lapišon da bi se pokle zapisalo s tintu. Čeka se da istraživač prnese dokaze. ," I geograf otpre svoj debeli zapisnik pa našpiči lapiš. Pripovidanje istraživača senjiva se prvo z lapišon. Da bi se pokle zapisalo s tintu, čeka se da istraživač prnese dokaze. "," I geograf otpre svoj debeli zapisnik pa našpiči lapiš. Pripovidanje istraživača senjiva se prvo z lapišon. Da bi se pokle zapisalo s tintu, čeka se da istraživač prnese dokaze. ", I geograf otpre svoj debeli zapisnik pa našpiči lapiš. Pripovidan je istraživača senjiva se prvo z lapišon da bi se pokle zapisalo s tintu. Čeka se da istraživač prnese dokaze. , I geograf otpre svoj debeli zapisnik pa našpiči lapiš. Pripovidan je istraživača senjiva se prvo z lapišon da bi se pokle zapisalo s tintu. Čeka se da istraživač prnese dokaze. ," I geograf otpre svoj debeli zapisnik pa našpiči lapiš. Pripovidanje istraživača senjiva se prvo z lapišon. Da bi se pokle zapisalo s tintu, čeka se da istraživač prnese dokaze. ", I geograf otpre svoj debeli zapisnik pa našpiči lapiš. Pripovidan je istraživača senjiva se prvo z lapišon da bi se pokle zapisalo s tintu. Čeka se da istraživač prnese dokaze. ," I geograf otpre svoj debeli zapisnik pa našpiči lapiš. Pripovidanje istraživača senjiva se prvo z lapišon. Da bi se pokle zapisalo s tintu, čeka se da istraživač prnese dokaze. "," I geograf otpre svoj debeli zapisnik, pa na špići lapiš. Pripovjedanje istraživača senjiva se prvo zlapišom, da bi se pokle zapisalo stintu. Čeka se da istraživač prnese dokaze."
Unda?,data/test/MP_15_254.65-255.32.mp3,Geograf, Unda...,• Unda?• ,• Unda?• ,• Unda?• ,• Unda?• ,• Unda?• ,• Unda?• ,• Unda?• ,• Unda?• ,• Unda?• , Unda.
"Oh! Puli mene ni baš zanimjivo, se je tako majhano. Man tri vulkana. Dva živa i jedan zagašen. Ma nigdar se ne zna.",data/test/MP_15_255.44-265.14.mp3,Mići Princ," Oh, puli mene ni baš zanimjivo, se je tako majhano. Man tri vulkana, dva živa i jedan zagašen. Ma nigdar se ne zna."," Oh, puli mene ni baš zanimjivo, se je tako majhano. Man tri vulkana. Dva živa i jedan zagašen. Ma nigdar se ne zna. "," Oh, puli mene ni baš zanimjivo, se je tako majhano. Man tri vulkana. Dva živa i jedan zagašen. Ma nigdar se ne zna. "," Oh, puli mene ni baš zanimjivo, se je tako majhano. Man tri vulkana. Dva živa i jedan zagašen. Ma nigdar se ne zna. "," Oh, puli mene ni baš zanimjivo, se je tako majhano. Man tri vulkana. Dva živa i jedan zagašen. Ma nigdar se ne zna. "," Oh, puli mene ni baš zanimjivo, se je tako majhano. Man tri vulkana. Dva živa i jedan zagašen. Ma nigdar se ne zna. "," Oh, puli mene ni baš zanimjivo, se je tako majhano. Man tri vulkana. Dva živa i jedan zagašen. Ma nigdar se ne zna. "," Oh, puli mene ni baš zanimjivo, se je tako majhano. Man tri vulkana. Dva živa i jedan zagašen. Ma nigdar se ne zna. "," Oh, puli mene ni baš zanimjivo, se je tako majhano. Man tri vulkana. Dva živa i jedan zagašen. Ma nigdar se ne zna. "," Oh, puli mene ni baš zanimjivo, se je tako majhano. Man tri vulkana. Dva živa i jedan zagašen. Ma nigdar se ne zna. "," Oh, poli mene je ni baš zanimivo. Sve je tako majhano. Man tri vulkana, dva živa i jedan zagašen. Ma nikdar se ne znam."
Nikad se ne zna.,data/test/MP_15_265.63-267.28.mp3,Geograf, Nikad se ne zna., Nikad se ne zna., Nikad se ne zna., Nikad se ne zna.• , Nikad se ne zna.• , Nikad se ne zna., Nikad se ne zna., Nikad se ne zna., Nikad se ne zna., Nikad se ne zna., Nikad sin neznat.
Man i jedan šipak.,data/test/MP_15_267.4-268.38.mp3,Mići Princ, Man je jedan šipak., Man je jedan šipak.•, Man je jedan šipak.•, Man je jedan šipak., Man je jedan šipak.•, Man je jedan šipak.•, Man je jedan šipak.•, Man je jedan šipak.•, Man je jedan šipak.•, Man je jedan šipak., Mane jedan šipak.
"Ne, cveće ne bilježimo.",data/test/MP_15_268.44-271.22.mp3,Geograf," Ne, cveće ne bilježimo."," Ne, cveće ne bilježimo.• "," Ne, cveće ne bilježimo.• "," Ne, cveće ne bilježimo.• "," Ne, cveće ne bilježimo.• "," Ne, cveće ne bilježimo.• "," Ne, cveće ne bilježimo.• "," Ne, cveće ne bilježimo.• "," Ne, cveće ne bilježimo.• "," Ne, cveće ne bilježimo.• "," Ne, cvijeće nebilježimo."
Pak zač ne? To je jušto najlipje!,data/test/MP_15_271.38-273.73.mp3,Mići Princ, Pak zač ne? To je jušto najlipje!,• Pak zač ne? To je jušto najlipje!• ,• Pak zač ne? To je jušto najlipje!• , „Pak zač ne? To je jušto najlipje!“,• Pak zač ne? To je jušto najlipje!• ,• Pak zač ne? To je jušto najlipje!• ,• Pak zač ne? To je jušto najlipje!• ,• Pak zač ne? To je jušto najlipje!• ,• Pak zač ne? To je jušto najlipje!• , „Pak zač ne? To je jušto najlipje!“," Pak začne, to je juš to najlipje."
Zato boj cveće malo traje. Kratkotrajno je.,data/test/MP_15_274.19-278.63.mp3,Geograf," Zato boj cveće malo traje. Kratko, trajno je.", Zato boj cveće malo traje. Kratko trajno je.• , Zato boj cveće malo traje. Kratko trajno je.• , Zato boj cveće malo traje. Kratko trajno je.• , Zato boj cveće malo traje. Kratko trajno je.• , Zato boj cveće malo traje. Kratko trajno je.• , Zato boj cveće malo traje. Kratko trajno je.• , Zato boj cveće malo traje. Kratko trajno je.• , Zato boj cveće malo traje. Kratko trajno je.• , Zato boj cveće malo traje. Kratko trajno je.• ," Zato boj cvjetje malo traje, kratko trajno je."
Ča bi to reć „kratkotrajno“?,data/test/MP_15_278.69-280.75.mp3,Mići Princ, Ča bi to reć kratko trajno?, Ča bi to reć kratko-trajno?• , Ča bi to reć kratko-trajno?• , Ča bi to reć kratko-trajno?• , Ča bi to reć kratko-trajno?• , Ča bi to reć kratko-trajno?• , Ča bi to reć kratko-trajno?• , Ča bi to reć kratko-trajno?• , Ča bi to reć kratko-trajno?• , Ča bi to reć kratko-trajno?• , Če bi to reći kratko trajno?
"Geografija, to su najvridnije knjige, zlatni su to libri. Oni nkad ne moru poć zvan mode. Jako se retko more dogodit da jedna planina promini mesto ili da va oceanu nestane mora. Mi pišemo ono ča je vično, ča za vajk ostaje i vridi.",data/test/MP_15_281.31-305.04.mp3,Geograf," Geografija, to su najvridnije knjige, zlatni su to libri. Oni nikad ne moru poć zvan mode. Jako se retko more dogodit da jedna planina promini mesto ili da va oceanu nestane mora. Mi pišemo ono ča je vično, ča za vajk ostaje i vridi. "," Geografija, to su najvridnije knjige, zlatni su to libri. Oni nkad ne moru poć zvan mode. Jako se retko more dogodit da jedna planina promini mesto ili da va oceanu nestane mora. Mi pišemo ono ča je vično, ča za vajk ostaje i vridi."," Geografija, to su najvridnije knjige, zlatni su to libri. Oni nkad ne moru poć zvan mode. Jako se retko more dogodit da jedna planina promini mesto ili da va oceanu nestane mora. Mi pišemo ono ča je vično, ča za vajk ostaje i vridi."," Geografija, to su najvridnije knjige, zlatni su to libri. Oni nkad ne moru poć zvan mode. Jako se retko more dogodit da jedna planina promini mesto ili da va oceanu nestane mora. Mi pišomo ono ča je vično, ča za vajk ostaje i vridi."," Geografija, to su najvridnije knjige, zlatni su to libri. Oni nkad ne moru poć zvan mode. Jako se retko more dogodit da jedna planina promini mesto ili da va oceanu nestane mora. Mi pišomo ono ča je vično, ča za vajk ostaje i vridi."," Geografija, to su najvridnije knjige, zlatni su to libri. Oni nkad ne moru poć zvan mode. Jako se retko more dogodit da jedna planina promini mesto ili da va oceanu nestane mora. Mi pišemo ono ča je vično, ča za vajk ostaje i vridi."," Geografija, to su najvridnije knjige, zlatni su to libri. Oni nkad ne moru poć zvan mode. Jako se retko more dogodit da jedna planina promini mesto ili da va oceanu nestane mora. Mi pišemo ono ča je vično, ča za vajk ostaje i vridi."," Geografija, to su najvridnije knjige, zlatni su to libri. Oni nkad ne moru poć zvan mode. Jako se retko more dogodit da jedna planina promini mesto ili da va oceanu nestane mora. Mi pišemo ono ča je vično, ča za vajk ostaje i vridi."," Geografija, to su najvridnije knjige, zlatni su to libri. Oni nkad ne moru poć zvan mode. Jako se retko more dogodit da jedna planina promini mesto ili da va oceanu nestane mora. Mi pišemo ono ča je vično, ča za vajk ostaje i vridi."," Geografija, to su najvridnije knjige, zlatni su to libri. Oni nkad ne moru poć zvan mode. Jako se retko more dogodit da jedna planina promini mesto ili da va oceanu nestane mora. Mi pišomo ono ča je vično, ča za vajk ostaje i vridi."," Geografija to su najvridnije knjige, zlatni su to libri. Oni nikad ne moru poći zvan mode. Jako se redko mora dogoditi da jedna planina promini mjesto ili da u oceanu nestane mora. Mi pišemo ono ča je vično, ča za vajk ostaje i vridi."
Ma zagašeni vulkani se moru zbudit! Ča bi reć „kratkotrajno“?,data/test/MP_15_305.3-310.18.mp3,Mići Princ, Ma zagašeni vulkani se moru zbudit! Ča bi reć kratno?• , Ma zagašeni vulkani se moru zbudit! Ča bi reć kratno?• , Ma zagašeni vulkani se moru zbudit! Ča bi reć kratno?• , Ma zagašeni vulkani se moru zbudit! Ča bi reć kratno?• , Ma zagašeni vulkani se moru zbudit! Ča bi reć kratno?• , Ma zagašeni vulkani se moru zbudit! Ča bi reć kratno?• , Ma zagašeni vulkani se moru zbudit! Ča bi reć kratno?• , Ma zagašeni vulkani se moru zbudit! Ča bi reć kratno?• , Ma zagašeni vulkani se moru zbudit! Ča bi reć kratno?• , Ma zagašeni vulkani se moru zbudit! Ča bi reć kratno?• ," Ma zagašeni vulkani se moru zbudit, će bi reći kratko trajno."
"To ča su vulkani ogašeni ili su nanovo oživili, to je namin geografima svejedno. Za nas je samo važan brig, planina. A ona se ne minja.",data/test/MP_15_311.14-324.42.mp3,Geograf," To ča su vulkani ogašeni ili su nanovo oživili, to je namin geografima svejedno. Za nas je samo važan brig, planina, a ona se ne minja. "," To ča su vulkani ogašeni ili su nanovo oživili, to je namin geografima svejedno. Za nas je samo važan brig, planina, a ona se ne minja."," To ča su vulkani ogašeni ili su nanovo oživili, to je namin geografima svejedno. Za nas je samo važan brig, planina, a ona se ne minja."," To ča su vulkani ogašeni ili su nanovo oživili, to je namin geografima svejedno. Za nas je samo važan brig, planina, a ona se ne minja."," To ča su vulkani ogašeni ili su nanovo oživili, to je namin geografima svejedno. Za nas je samo važan brig, planina, a ona se ne minja."," To ča su vulkani ogašeni ili su nanovo oživili, to je namin geografima svejedno. Za nas je samo važan brig, planina, a ona se ne minja."," To ča su vulkani ogašeni ili su nanovo oživili, to je namin geografima svejedno. Za nas je samo važan brig, planina, a ona se ne minja."," To ča su vulkani ogašeni ili su nanovo oživili, to je namin geografima svejedno. Za nas je samo važan brig, planina, a ona se ne minja."," To ča su vulkani ogašeni ili su nanovo oživili, to je namin geografima svejedno. Za nas je samo važan brig, planina, a ona se ne minja."," To ča su vulkani ogašeni ili su nanovo oživili, to je namin geografima svejedno. Za nas je samo važan brig, planina, a ona se ne minja. "," To ča su vulkani ugašeni ili su nanovo oživili, to je namjen geografima svejedno. Za nas je samo važan brig, planina, a ona se ne minja život."
Pak ča bi to reć „kratkotrajno“?,data/test/MP_15_324.62-327.02.mp3,Mići Princ," Pak ča bi to reć kratko, trajno?• "," Pak ča bi to reć kratko, trajno?• "," Pak ča bi to reć kratko, trajno?• "," Pak ča bi to reć kratko, trajno?• "," Pak ča bi to reć kratko, trajno?• "," Pak ča bi to reć kratko, trajno?• "," Pak ča bi to reć kratko, trajno?• "," Pak ča bi to reć kratko, trajno?• ", Pak ča bi to reć kratko-trajno?• ," Pak ča bi to reć kratko, trajno?• ", pak će bi to reći kratko trajnu.
"Kratkotrajno, to ti znači ono čemu jednoga dana i to skoro će priti nestanak.",data/test/MP_15_327.37-335.28.mp3,Geograf," Kratkotrajno, to ti znači ono čemu jednoga dana i to skoro će priti nestanak. "," Kratkotrajno, to ti znači ono čemu jednoga dana i to skoro će priti nestanak!"," Kratkotrajno, to ti znači ono čemu jednoga dana i to skoro će priti nestanak! "," Kratkotrajno, to ti znači ono čemu jednoga dana i to skoro će priti nestanak."," Kratkotrajno, to ti znači ono čemu jednoga dana i to skoro će priti nestanak."," Kratkotrajno, to ti znači ono čemu jednoga dana i to skoro će priti nestanak!"," Kratkotrajno, to ti znači ono čemu jednoga dana i to skoro će priti nestanak!"," Kratkotrajno, to ti znači ono čemu jednoga dana i to skoro će priti nestanak."," Kratkotrajno, to ti znači ono čemu jednoga dana i to skoro će priti nestanak! "," Kratkotrajno, to ti znači ono čemu jednoga dana i to skoro će priti nestanak.", Kratko trajno to ti znači ono čemu jednoga dana i to skoro će arrivat nestanak.
Ča će moj šipak vaje nestat?,data/test/MP_15_335.29-337.36.mp3,Mići Princ, Če moj šipak vaje nestat... , Če moj šipak vaje nestat?, Če moj šipak vaje nestat?, Če moj šipak vaje nestat?, Če moj šipak vaje nestat?, Če moj šipak vaje nestat?, Če moj šipak vaje nestat?, Če moj šipak vaje nestat?, Če moj šipak vaje nestat?, Če moj šipak vaje nestat?, Če te možeš i pakvajenistat.
"Da, svakako.",data/test/MP_15_337.51-339.11.mp3,Geograf," Da, zvakako."," „Da, zvakako!“"," „Da, šval kako!“"," „Da, zvakako.“"," „Da, zvakako.“"," „Da, šval kako!“"," „Da, šval kako!“"," „Da, zvakako!“"," „Da, šval kako!“"," „Da, zvakako.“"," Da, što vam kako?"
"Moj šipak će vaje nestat! On ma samo četiri trna da se brani od svita, a ja san ga pustiv doma skrozi samiga!",data/test/MP_15_339.33-346.99.mp3,Mići Princ," Moj šipak će vaje nestat. On ma samo četiri trna da se brani od svita, a ja san ga pustiv doma skrozi samiga."," Moj šipak će vaje ne stat. On ma samo četiri trna da se brani od svita, a ja san ga pustiv doma skrozi samiga!"," Moj šipak će vaje ne stat. On ma samo četiri trna da se brani od svita, a ja san ga pustiv doma skrozi samiga!"," Moj šipak će vaje ne stat. On ma samo četiri trna da se brani od svita, a ja san ga pustiv doma skrozi samiga!"," Moj šipak će vaje ne stat. On ma samo četiri trna da se brani od svita, a ja san ga pustiv doma skrozi samiga!"," Moj šipak će vaje ne stat. On ma samo četiri trna da se brani od svita, a ja san ga pustiv doma skrozi samiga!"," Moj šipak će vaje ne stat. On ma samo četiri trna da se brani od svita, a ja san ga pustiv doma skrozi samiga!"," Moj šipak će vaje ne stat. On ma samo četiri trna da se brani od svita, a ja san ga pustiv doma skrozi samiga!"," Moj šipak će vaje ne stat. On ma samo četiri trna da se brani od svita, a ja san ga pustiv doma skrozi samiga!"," Moj šipak će vaje ne stat. On ma samo četiri trna da se brani od svita, a ja san ga pustiv doma skrozi samiga!"," Moj šipak će vajene stat. On ma samo četiri trnad da se brani od svita, a ja sam ga pustio doma skroz i sami ga."
"To je bilo prvi put da ga je prezelo žalovanje, ma se j sponova okuraživ:",data/test/MP_15_347.38-352.03.mp3,Autor," To je bilo prvi put da ga je prezelo žalovanje, ma se j spono okuraživ."," To je bilo prvi put da ga je prezelo žalovanje, ma se j sponova okuražio."," To je bilo prvi put da ga je prezelo žalovanje, ma se j sponova okuražio."," To je bilo prvi put da ga je prezelo žalovanje, ma se j sponova okuražio."," To je bilo prvi put da ga je prezelo žalovanje, ma se j sponova okuražio."," To je bilo prvi put da ga je prezelo žalovanje, ma se j sponova okuražio."," To je bilo prvi put da ga je prezelo žalovanje, ma se j sponova okuražio."," To je bilo prvi put da ga je prezelo žalovanje, ma se j sponova okuražio."," To je bilo prvi put da ga je prezelo žalovanje, ma se j sponova okuražio."," To je bilo prvi put da ga je prezelo žalovanje, ma se j sponova okuražio."," To je bilo prvi put da ga je prezelo žalovanja, ma se je sponova okuražio."
Ča bite mi svitovali da gren videt?,data/test/MP_15_352.36-354.6.mp3,Mići Princ, Ča bite mi svitovali da gren videt?• , Ča bite mi svitovali da gren videt?• , Ča bite mi svitovali da gren videt?• , Ča bite mi svitovali da gren videt?• , Ča bite mi svitovali da gren videt?• , Ča bite mi svitovali da gren videt?• , Ča bite mi svitovali da gren videt?• , Ča bite mi svitovali da gren videt?• , Ča bite mi svitovali da gren videt?• , Ča bite mi svitovali da gren videt?• , Če bite mi svitovali da grem vidjeti?
Zaželi i obajdi planet Zemlju! Ona je sigurno na dobromu glasu.,data/test/MP_15_354.81-362.34.mp3,Geograf, Zaželi i obajdi planet Zemlju! Ona je sigurno na dobrom glasu. , Zaželi i obajdi planet Zemlju! Ona je sigurnu na dobromu glasu. , Zaželi i obajdi planet Zemlju! Ona je sigurnu na dobromu glasu. , Zaželi i obajdi planet Zemlju! Ona je sigurno na dobromu glasu!, Zaželi i obajdi planet Zemlju! Ona je sigurnu na dobromu glasu., Zaželi i obajdi planet Zemlju! Ona je sigurnu na dobromu glasu. , Zaželi i obajdi planet Zemlju! Ona je sigurnu na dobromu glasu. , Zaželi i obajdi planet Zemlju! Ona je sigurnu na dobromu glasu., Zaželi i obajdi planet Zemlju! Ona je sigurnu na dobromu glasu. , Zaželi i obajdi planet Zemlju! Ona je sigurno na dobromu glasu., Zaželi i obajde planet zemlju. Ona je sigurno na dobromu glasu.
I Mići Princ pojde misleć na svoj šipak.,data/test/MP_15_362.85-365.53.mp3,Autor, I Mići Princ pojde misleć na svoj šipak., I Mići Princ pojde misleć na svoj šipak. , I Mići Princ pojde misleć na svoj šipak., I Mići Princ pojde misleć na svoj šipak., I Mići Princ pojde misleć na svoj šipak., I Mići Princ pojde misleć na svoj šipak., I Mići Princ pojde misleć na svoj šipak., I Mići Princ pojde misleć na svoj šipak., I Mići Princ pojde misleć na svoj šipak., I Mići Princ pojde misleć na svoj šipak., I Mickey Prince pojde misliti na svoj šipak.
Na četrtin planetu je bivav niki dilavac. Tȃ j biv tuliko zabavjen z dilon da nî ni glavu zdigav kad je Mići Princ prišav do njiga.,data/test/MP_13_65.37-74.67.mp3,Autor, Na četrtin planetu je bivav niki dilavac. Tȃ biv tuliko zabavjen z dilon da nî ni glavu zdigav kad je Mići Princ prišav do njiga. , Na četrtin planetu je bivav niki dilavac. Tȃ j biv tuliko zabavjen z dilon da nî glavu zdigav kad je Mići Princ prišav do njiga., Na četrtin planetu je bivav niki dilavac. Tȃ j biv tuliko zabavjen z dilon da nî glavu zdigav kad je Mići Princ prišav do njiga., Na četrtin planetu je bivav niki dilavac. Tȃ j biv tuliko zabavjen z dilon da nî glavu zdigav kad je Mići Princ prišav do njiga., Na četrtin planetu je bivav niki dilavac. Tȃ j biv tuliko zabavjen z dilon da nî glavu zdigav kad je Mići Princ prišav do njiga., Na četrtin planetu je bivav niki dilavac. Tȃ j biv tuliko zabavjen z dilon da nî glavu zdigav kad je Mići Princ prišav do njiga., Na četrtin planetu je bivav niki dilavac. Tȃ j biv tuliko zabavjen z dilon da nî glavu zdigav kad je Mići Princ prišav do njiga., Na četrtin planetu je bivav niki dilavac. Tȃ j biv tuliko zabavjen z dilon da nî glavu zdigav kad je Mići Princ prišav do njiga., Na četrtin planetu je bivav niki dilavac. Tȃ j biv tuliko zabavjen z dilon da nî glavu zdigav kad je Mići Princ prišav do njiga., Na četrtin planetu je bivav niki dilavac. Tȃ j biv tuliko zabavjen z dilon da nini glavu zdigav kad je Mići Princ prišav do njiga., Na četvrtem planetu je bivav neki dilavac. Taj biv toliko zabavljen s dilom da nije ni glavu zdigav kad je mic je princ prišav do njega.
Dobar dan! Zagasiv van se j ćik.,data/test/MP_13_74.88-77.82.mp3,Mići Princ, Dobar dan! Zagasivan se jik. , Dobar dan! Zagasivan se jik!, Dobar dan! Zagasivan se jik!, Dobar dan! Zagasivan se jik. , Dobar dan! Zagasivan se jik. , Dobar dan! Zagasivan se jik!, Dobar dan! Zagasivan se jik!, Dobar dan! Zagasivan se jik!, Dobar dan! Zagasivan se jik!, Dobar dan! Zagasivan se jik. , Dobar dan. Zagasivan se tijek.
Tri i dva su pet. Pet i sedon dvanajst. Dvanajst i tri petnajst. Dobar dan! Petnajst i sedon dvajset i dva. Dvajset i dva i sest dvajset i oson. Niman lazno za nazad vazgat. Dvajset i sest i pet trejset i jedan. Uh! To je onda pesto i jedan mijun i seststo dvajset i dva mijara sedonsto trejset i jedan.,data/test/MP_13_78.66-99.03.mp3,Dilavac, Tri i dva su pet. Pet i sedon dvanajst. Dvanajst i tri petnajst. Dobar dan! Petnajst i sedon dvajset i dva. Dvajset i dva i sest dvajset i oson. Niman lazno za nazad vazgat. Dvajset i sest i pet trejset i jedan. Uh! To je onda pesto i jedan mijun i seststo dvajset i dva mijara sedonsto trejset i jedan. , Tri i dva su pet. Pet i sedon dvanajst. Dvanajst i tri petnajst. Dobar dan! Petnajst i sedon dvajset i dva. Dvajset i dva i sest dvajset i oson. Niman lazno za nazad vazgat. Dvajset i sest i pet trejset i jedan. Uh! To je onda pesto i jedan mijun i seststo dvajset i dva mijara sedonsto trejset i jedan. , Tri i dva su pet. Pet i sedon dvanajst. Dvanajst i tri petnajst. Dobar dan! Petnajst i sedon dvajset i dva. Dvajset i dva i sest dvajset i oson. Niman lazno za nazad vazgat. Dvajset i sest i pet trejset i jedan. Uh! To je onda pesto i jedan mijun i seststo dvajset i dva mijara sedonsto trejset i jedan. , Tri i dva su pet. Pet i sedon dvanajst. Dvanajst i tri petnajst. Dobar dan! Petnajst i sedon dvajset i dva. Dvajset i dva i sest dvajset i oson. Niman lazno za nazad vazgat. Dvajset i sest i pet trejset i jedan. Uh! To je onda pesto i jedan mijun i seststo dvajset i dva mijara sedonsto trejset i jedan. , Tri i dva su pet. Pet i sedon dvanajst. Dvanajst i tri petnajst. Dobar dan! Petnajst i sedon dvajset i dva. Dvajset i dva i sest dvajset i oson. Niman lazno za nazad vazgat. Dvajset i sest i pet trejset i jedan. Uh! To je onda pesto i jedan mijun i seststo dvajset i dva mijara sedonsto trejset i jedan. , Tri i dva su pet. Pet i sedon dvanajst. Dvanajst i tri petnajst. Dobar dan! Petnajst i sedon dvajset i dva. Dvajset i dva i sest dvajset i oson. Niman lazno za nazad vazgat. Dvajset i sest i pet trejset i jedan. Uh! To je onda pesto i jedan mijun i seststo dvajset i dva mijara sedonsto trejset i jedan. , Tri i dva su pet. Pet i sedon dvanajst. Dvanajst i tri petnajst. Dobar dan! Petnajst i sedon dvajset i dva. Dvajset i dva i sest dvajset i oson. Niman lazno za nazad vazgat. Dvajset i sest i pet trejset i jedan. Uh! To je onda pesto i jedan mijun i seststo dvajset i dva mijara sedonsto trejset i jedan. , Tri i dva su pet. Pet i sedon dvanajst. Dvanajst i tri petnajst. Dobar dan! Petnajst i sedon dvajset i dva. Dvajset i dva i sest dvajset i oson. Niman lazno za nazad vazgat. Dvajset i sest i pet trejset i jedan. Uh! To je onda pesto i jedan mijun i seststo dvajset i dva mijara sedonsto trejset i jedan. , Tri i dva su pet. Pet i sedon dvanajst. Dvanajst i tri petnajst. Dobar dan! Petnajst i sedon dvajset i dva. Dvajset i dva i sest dvajset i oson. Niman lazno za nazad vazgat. Dvajset i sest i pet trejset i jedan. Uh! To je onda pesto i jedan mijun i seststo dvajset i dva mijara sedonsto trejset i jedan. , Tri i dva su pet. Pet i sedon dvanajst. Dvanajst i tri petnajst. Dobar dan! Petnajst i sedon dvajset i dva. Dvajset i dva i sest dvajset i oson. Niman lazno za nazad vazgat. Dvajset i sest i pet trejset i jedan. Uh! To je onda pesto i jedan mijun i seststo dvajset i dva mijara sedonsto trejset i jedan. ," Tri i dva su pet. Pet i sedam, dvanajst. Dvanajst i tri, petnajst. Dobar dan. Petnajst i sedam, dvajset i dva. Dvajset i dva i sedam, dvajset i osam. Niman lazno za nazad vas gat. Dvajset i sedam i pet, trećet i jedan. To je onda 501 milijun i 622 milijara, 731."
Pet stotin mijuni čiga?,data/test/MP_13_99.76-101.69.mp3,Mići Princ, „Pet stotin mijuni čiga?“.,• Pet stotin mijuni čiga?• Pet stotin mijuni čiga?• ,• Pet stotin mijuni čiga?• Pet stotin mijuni čiga?• ,• Pet stotin mijuni čiga?• Pet stotin mijuni čiga?• Pet stotin mijuni čigaiga,• Pet stotin mijuni čiga?• Pet stotin mijuni čiga?• Pet stotin mijuni čigaiga,• Pet stotin mijuni čiga?• Pet stotin mijuni čiga?• ,• Pet stotin mijuni čiga?• Pet stotin mijuni čiga?• ,• Pet stotin mijuni čiga?• Pet stotin mijuni čiga?• ,• Pet stotin mijuni čiga?• Pet stotin mijuni čiga?• , Pet stotin mijuni čiga?• Pet stotin mijuni čiga?• , 500 milijuni čiga.
Ha? Još vavek si tu? Pesto i jedan mijun... ne znan više... Iman toliko dela! Ja son vero seriji covek i ne tendin bedastoći! Dva i pet su sedon,data/test/MP_13_102.22-113.1.mp3,Dilavac, Ha? Još vavek si tu? Pesto i jedan mijun... ne znan više... Iman toliko dela! Ja son vero seriji covek i ne tendin bedastoći. Dva i pet su sedon... , „A? Još vavek si tu? Pesto i jedan mijun... ne znan više. Iman toliko dela. Ja son vero seriji covek i ne tendin bedastoći. Dva i pet su sedon. ,• A? Još vavek si tu? Pesto i jedan mijun... ne znan više! Iman toliko dela! Ja son vero seriji covek i ne tendin bedastoći! Dva i pet su sedon.• , „A? Još vavek si tu? Pesto i jedan mijun... ne znan više. Iman toliko dela. Ja son vero seriji covek i ne tendin bedastoći. Dva i pet su sedon. , „A? Još vavek si tu? Pesto i jedan mijun... ne znan više. Iman toliko dela. Ja son vero seriji covek i ne tendin bedastoći. Dva i pet su sedon. ,• A? Još vavek si tu? Pesto i jedan mijun... ne znan više! Iman toliko dela! Ja son vero seriji covek i ne tendin bedastoći! Dva i pet su sedon.• ,• A? Još vavek si tu? Pesto i jedan mijun... ne znan više! Iman toliko dela! Ja son vero seriji covek i ne tendin bedastoći! Dva i pet su sedon.• , „A? Još vavek si tu? Pesto i jedan mijun... ne znan više. Iman toliko dela. Ja son vero seriji covek i ne tendin bedastoći. Dva i pet su sedon. ,• A? Još vavek si tu? Pesto i jedan mijun... ne znan više! Iman toliko dela! Ja son vero seriji covek i ne tendin bedastoći! Dva i pet su sedon.• , Ha? Još vavek si tu? Pesto i jedan mijun... ne znan više. Iman toliko dela! Ja son vero seriji covek i ne tendin bedastoći! Dva i pet su sedon...• , Još vavek si tu 501 milijun Ne znam više Imam toliko dela Ja sam Vero Serico Vekine Tendin Bedastoći 2 i 5 su sedon
Pet stotin mijuni čiga?,data/test/MP_13_113.56-115.0.mp3,Mići Princ, Pesto tin mijuni čiga., Pestotin mijuni čiga.• , Pe stotin mijuni čiga.• , Pestotin mijuni čiga.• , Pestotin mijuni čiga.• , Pe stotin mijuni čiga.• , Pe stotin mijuni čiga.• , Pestotin mijuni čiga.• , Pe stotin mijuni čiga.• , Pestotin mijuni čiga.• , Pesto timi unici iga.
"Va pedeset i cetiri leta, koliko zivin na ovoj kugli zemajskoj, su me skombusolali samo tri puti. Parvi put je to bilo pred dvajset i dva leta kad je neki hrust pal ki zna od kede. Toliko je vriskal da son cetiri puti krivo racunal. Drugi put je to bilo pred jedanajst let, kad su me bolele kosti. Premalo hodin. Niman lazno za hodit. Ja son vero seriji covek. I, evo sad, treti put! Kako son rekal, pesto jedan mijun….",data/test/MP_13_117.25-145.99.mp3,Dilavac," Va pedeset i cetiri leta, koliko zivin na ovoj kugli zemajskoj, su me skombusolali samo tri puti. Parvi put je to bilo pred dvajset i dva leta kad je neki hrust pal ki zna od kede. Toliko je vriskal da son cetiri puti krivo racunal. Drugi put je to bilo pred jedanajst let kad su me bole kosti. Premalo hodin. Niman lazno za hodit. Ja son vero seriji covek. I, evo sad, treti put! Kako son rekal, pesto jedan mijun..."," Va pedeset i cetiri leta, koliko zivin na ovoj kugli zemajskoj, su me skombusolali samo tri puti. Parvi put je to bilo pred dvajset i dva leta kad je neki hrust pal ki zna od kede. Toliko je vriskal da son cetiri puti krivo racunal. Drugi put je to bilo pred jedanajst let kad su me bole kosti. Premalo hodin. Niman lazno za hodit. Ja son vero seriji covek. I, evo sad, treti put! Kako son rekal, pesto jedan mijun..."," Va pedeset i cetiri leta, koliko zivin na ovoj kugli zemajskoj, su me skombusolali samo tri puti. Parvi put je to bilo pred dvajset i dva leta kad je neki hrust pal ki zna od kede. Toliko je vriskal da son cetiri puti krivo racunal. Drugi put je to bilo pred jedanajst let, kad su me bole kosti. Premalo hodin. Niman lazno za hodit. Ja son vero seriji covek. I, evo sad, treti put! Kako son rekal, pesto jedan mijun. "," Va pedeset i cetiri leta, koliko zivin na ovoj kugli zemajskoj, su me skombusolali samo tri puti. Parvi put je to bilo pred dvajset i dva leta kad je neki hrust pal ki zna od kede. Toliko je vriskal da son cetiri puti krivo racunal. Drugi put je to bilo pred jedanajst let kad su me bole kosti. Premalo hodin. Niman lazno za hodit. Ja son vero seriji covek. I, evo sad, treti put! Kako son rekal, pesto jedan mijun..."," Va pedeset i cetiri leta, koliko zivin na ovoj kugli zemajskoj, su me skombusolali samo tri puti. Parvi put je to bilo pred dvajset i dva leta kad je neki hrust pal ki zna od kede. Toliko je vriskal da son cetiri puti krivo racunal. Drugi put je to bilo pred jedanajst let kad su me bole kosti. Premalo hodin. Niman lazno za hodit. Ja son vero seriji covek. I, evo sad, treti put! Kako son rekal, pesto jedan mijun..."," Va pedeset i cetiri leta, koliko zivin na ovoj kugli zemajskoj, su me skombusolali samo tri puti. Parvi put je to bilo pred dvajset i dva leta kad je neki hrust pal ki zna od kede. Toliko je vriskal da son cetiri puti krivo racunal. Drugi put je to bilo pred jedanajst let, kad su me bole kosti. Premalo hodin. Niman lazno za hodit. Ja son vero seriji covek. I, evo sad, treti put! Kako son rekal, pesto jedan mijun. "," Va pedeset i cetiri leta, koliko zivin na ovoj kugli zemajskoj, su me skombusolali samo tri puti. Parvi put je to bilo pred dvajset i dva leta kad je neki hrust pal ki zna od kede. Toliko je vriskal da son cetiri puti krivo racunal. Drugi put je to bilo pred jedanajst let, kad su me bole kosti. Premalo hodin. Niman lazno za hodit. Ja son vero seriji covek. I, evo sad, treti put! Kako son rekal, pesto jedan mijun. "," Va pedeset i cetiri leta, koliko zivin na ovoj kugli zemajskoj, su me skombusolali samo tri puti. Parvi put je to bilo pred dvajset i dva leta kad je neki hrust pal ki zna od kede. Toliko je vriskal da son cetiri puti krivo racunal. Drugi put je to bilo pred jedanajst let kad su me bole kosti. Premalo hodin. Niman lazno za hodit. Ja son vero seriji covek. I, evo sad, treti put! Kako son rekal, pesto jedan mijun..."," Va pedeset i cetiri leta, koliko zivin na ovoj kugli zemajskoj, su me skombusolali samo tri puti. Parvi put je to bilo pred dvajset i dva leta kad je neki hrust pal ki zna od kede. Toliko je vriskal da son cetiri puti krivo racunal. Drugi put je to bilo pred jedanajst let, kad su me bole kosti. Premalo hodin. Niman lazno za hodit. Ja son vero seriji covek. I, evo sad, treti put! Kako son rekal, pesto jedan mijun. "," Va pedeset i cetiri leta, koliko zivin na ovoj kugli zemajskoj, su me skombusolali samo tri puti. Parvi put je to bilo pred dvajset i dva leta kad je neki hrust pal ki zna od kede. Toliko je vriskal da son cetiri puti krivo racunal. Drugi put je to bilo pred jedanajst let kad su me bole kosti. Premalo hodin. Niman lazno za hodit. Ja son vero seriji covek. I, evo sad, treti put! Kako son rekal, pesto jedan mijun..."," Va 54 leta koliko zivim na ovoj kugli zemajskoj su me skombusolali samo tri puti. Parvi put je to bilo pred 22 leta kad je neki hrust pal kizna od kede. Toliko je vriskal da sam cetiri puti krivo racional. Drugi put je to bilo pred 11 let kad su me bolele kosti. Pre malo hodin, nima lazno za hodit. Ja sam vero seri i covek i evo sad treti put. Kako sam rekal, 501 milijun"
Mijun čiga?,data/test/MP_13_146.19-147.32.mp3,Mići Princ, Mijun čiga., Mijun čiga. , Mijun čiga. , Mijun čiga., Mijun čiga., Mijun čiga. , Mijun čiga. , Mijun čiga., Mijun čiga. , Mijun čiga., Milijun čiga.
Mijun onih mićih stvarcic ke ih ki put vidimo na nebu.,data/test/MP_13_148.0-152.08.mp3,Dilavac, Mi un onih mićih stvarcic ke ih ki put vidimo na nebu. , Mi un onih mićih stvarcic ke ih ki put vidimo na nebu.• , Mi un onih mićih stvarcic ke ih ki put vidimo na nebu.• , Mijun onih mićih stvarcic ke ih ki put vidimo na nebu., Mijun onih mićih stvarcic ke ih ki put vidimo na nebu.• , Mi un onih mićih stvarcic ke ih ki put vidimo na nebu.• , Mi un onih mićih stvarcic ke ih ki put vidimo na nebu.• , Mijun onih mićih stvarcic ke ih ki put vidimo na nebu.• , Mi un onih mićih stvarcic ke ih ki put vidimo na nebu.• , Mijun onih mićih stvarcic ke ih ki put vidimo na nebu., Mi u onih mitih stvarcitskih ihki put vidimo na nebu.
Mušic?,data/test/MP_13_152.15-152.63.mp3,Mići Princ, Mošic!, Mo šic!, Mo šic!, Mo šic!, Mo šic!, Mo šic!, Mo šic!, Mo šic!, Mo šic!, Mo šic!, Mošic.
"Ne. Onih zlatnih stvarcic o kima sanjaju niškoristi. Ma, ja son vero seriji covek. Ja niman lazno za sanjat.",data/test/MP_13_153.2-160.26.mp3,Dilavac," Ne, onih zlatnih stvarci sokih sanjaju niškoristi. Ma ja son vero seriji covek. Ja niman lazno za sanjat. ", Ne! Onih zlatnih stvarci su kima sanjaju niškoristi. Ma ja son vero seriji covek. Ja niman lazno za sanjat. , Ne! Onih zlatnih stvarci su kima sanjaju niškoristi. Ma ja son vero seriji covek. Ja niman lazno za sanjat. , Ne! Onih zlatnih stvarci su kima sanjaju niškoristi. Ma ja son vero seriji covek. Ja niman lazno za sanjat. , Ne! Onih zlatnih stvarci su kima sanjaju niškoristi. Ma ja son vero seriji covek. Ja niman lazno za sanjat. , Ne! Onih zlatnih stvarci su kima sanjaju niškoristi. Ma ja son vero seriji covek. Ja niman lazno za sanjat. , Ne! Onih zlatnih stvarci su kima sanjaju niškoristi. Ma ja son vero seriji covek. Ja niman lazno za sanjat. , Ne! Onih zlatnih stvarci su kima sanjaju niškoristi. Ma ja son vero seriji covek. Ja niman lazno za sanjat. , Ne! Onih zlatnih stvarci su kima sanjaju niškoristi. Ma ja son vero seriji covek. Ja niman lazno za sanjat. , Ne! Onih zlatnih stvarci su kima sanjaju niškoristi. Ma ja son vero seriji covek. Ja niman lazno za sanjat. ," Ne, onih zlatnih stvarci stok ih sanja joj niš koristi. Ma ja sam veroseriji čovjek. Ja nima lazno za sanjat."
Ah! Zvizd!,data/test/MP_13_160.31-161.42.mp3,Mići Princ," Ah, zvizd! ","• A, zvizd!• ","• A, zvizd!• ","• A, zvizd!• ","• A, zvizd!• ","• A, zvizd!• ","• A, zvizd!• ","• A, zvizd!• ","• A, zvizd!• ",• A zvizd!• ," A, zvijezdu!"
"Ja, jušto tako. Zvezd.",data/test/MP_13_161.7-163.38.mp3,Dilavac," Ja, jušto tako. Zvezd."," „Ja, jušto tako, zvezd!“."," „Ja, jušto tako, zvezd!“."," „Ja, jušto tako, zvezd!“."," „Ja, jušto tako, zvezd!“."," „Ja, jušto tako, zvezd!“."," „Ja, jušto tako, zvezd!“."," „Ja, jušto tako, zvezd!“."," „Ja, jušto tako, zvezd!“."," „Ja, jušto tako, zvezd!“."," Ja, još to tako, zvezd."
I ča dilaš s pet stotin milijuni zvizd?,data/test/MP_13_163.89-166.58.mp3,Mići Princ, I ča dilaš s pet stotin milijuni zvizd?• , „I čadilaš s pet stotin milijuni zvizd?“ „, „I čadilaš s pet stotin milijuni zvizd?“ „, I čadilaš s tin pet stotin milijuni zvizd?• , I čadilaš s tin pet stotin milijuni zvizd?• , „I čadilaš s pet stotin milijuni zvizd?“ „, „I čadilaš s pet stotin milijuni zvizd?“ „, „I čadilaš s pet stotin milijuni zvizd?“, „I čadilaš s pet stotin milijuni zvizd?“ „, I čadilaš s pet stotin milijuni zvizd?• , I čad je laštin 500 milijun zvijezd?
Pesto jedan mijun sesto dvajset i dva mijara sedonsto trejset i jedan. Ja son vero seriji covek. Ja son jušti.,data/test/MP_13_167.6-174.81.mp3,Dilavac, Pesto jedan mijun sesto dvajset i dva mijara sedonsto trejset i jedan... Ja son vero seriji covek. Ja son jušti. , Pesto jedan mijun sesto dvajset i dva mijara sedonsto trejset i jedan. Ja son vero seriji covik. Ja san jušti. , Pesto jedan mijun sesto dvajset i dva mijara sedonsto trejset i jedan. Ja son vero seriji covik. Ja san jušti. , Pesto jedan mijun sesto dvajset i dva mijara sedonsto trejset i jedan. Ja son vero seriji covik. Ja san jušti. , Pesto jedan mijun sesto dvajset i dva mijara sedonsto trejset i jedan. Ja son vero seriji covik. Ja san jušti. , Pesto jedan mijun sesto dvajset i dva mijara sedonsto trejset i jedan. Ja son vero seriji covik. Ja san jušti. , Pesto jedan mijun sesto dvajset i dva mijara sedonsto trejset i jedan. Ja son vero seriji covik. Ja san jušti. , Pesto jedan mijun sesto dvajset i dva mijara sedonsto trejset i jedan. Ja son vero seriji covik. Ja san jušti. , Pesto jedan mijun sesto dvajset i dva mijara sedonsto trejset i jedan. Ja son vero seriji covik. Ja san jušti. , Pesto jedan mijun sesto dvajset i dva mijara sedonsto trejset i jedan. Ja son vero seriji covik. Ja san jušti. ," 501 milijun 622 milijara, 731. Ja sam Vero Sericovik, ja sam Jušti."
I ča dilaš s timi zvizdami?,data/test/MP_13_175.15-176.91.mp3,Mići Princ, I ča dilaš s tim zvizdami?• , I ča dilaš s tim zvizdami?• , I ča dilaš s tim zvizdami?• , I ča dilaš s tim zvizdami?• , I ča dilaš s tim zvizdami?• , I ča dilaš s tim zvizdami?• , I ča dilaš s tim zvizdami?• , I ča dilaš s tim zvizdami?• , I ča dilaš s tim zvizdami?• , I ča dilaš s tim zvizdami?• , I ča delaš s tim izvizdami...
Ce s njimi delan?,data/test/MP_13_177.67-178.57.mp3,Dilavac, Če njimi delan..., Če s njim je delan?, Če s njim je delan?, Če s njim je delan?, Če s njim je delan?, Če s njim je delan?, Če s njim je delan?, Če s njim je delan?, Če s njim je delan?, Če s njimi delan?," Čez njeme, Dajlan!"
Ja.,data/test/MP_13_178.93-179.12.mp3,Mići Princ, Ja., Jast..., Jast..., Jast..., Jast..., Jast..., Jast..., Jast..., Jast..., Jast..., Ja.
Niš. Moje su.,data/test/MP_13_180.0-181.12.mp3,Dilavac," Niš, moje su."," „Niš, moje su.“"," „Niš, moje su.“"," „Niš, moje su.“"," „Niš, moje su.“"," „Niš, moje su.“"," „Niš, moje su.“"," „Niš, moje su.“"," „Niš, moje su.“"," „Niš, moje su.“."," Niš, moje su..."
Zvizde su tvoje?,data/test/MP_13_181.32-182.31.mp3,Mići Princ, Zvizde su tvoje. , Zvizde su tvoje.• , Zvizde su tvoje.• , Zvizde su tvoje.• , Zvizde su tvoje.• , Zvizde su tvoje.• , Zvizde su tvoje.• , Zvizde su tvoje.• , Zvizde su tvoje.• , Zvizde su tvoje.• , Zvi zne su tvoje.
Da.,data/test/MP_13_182.74-183.13.mp3,Dilavac, Da., „Da.“. „, „Da.“. „, „Da.“. „, „Da.“. „, „Da.“. „, „Da.“. „, „Da.“. „, „Da.“. „, Da., Da.
Ali ja san već videv jeniga kraja ki...,data/test/MP_13_184.17-186.03.mp3,Mići Princ, Ali ja san već videv jeniga kraja ki..., Ali ja san već videv jeniga kraja ki...• , Ali ja san već videv jeniga kraja ki...• , Ali ja san već videv jeniga kraja ki...• , Ali ja san već videv jeniga kraja ki...• , Ali ja san već videv jeniga kraja ki...• , Ali ja san već videv jeniga kraja ki...• , Ali ja san već videv jeniga kraja ki...• , Ali ja san već videv jeniga kraja ki...• , Ali ja san već videv jeniga kraja ki...• , Ali ja sam već videvjenio krajaki
Kraji niš nimaju. Oni zapovedaju zes stvarimi. To je vero drugacije.,data/test/MP_13_186.35-190.57.mp3,Dilavac, Kraji nič nimaju. Oni zapovedaju zes stvarimi. To je vero drugacije.• , Kraji nič nimaju. Oni zapovedaju zes stvarimi. To je vero drugacije.• , Kraji nič nimaju. Oni zapovedaju zes stvarimi. To je vero drugacije.• , Kraji nič nimaju. Oni zapovedaju zes stvarimi. To je vero drugacije.• , Kraji nič nimaju. Oni zapovedaju zes stvarimi. To je vero drugacije.• , Kraji nič nimaju. Oni zapovedaju zes stvarimi. To je vero drugacije.• , Kraji nič nimaju. Oni zapovedaju zes stvarimi. To je vero drugacije.• , Kraji nič nimaju. Oni zapovedaju zes stvarimi. To je vero drugacije.• , Kraji nič nimaju. Oni zapovedaju zes stvarimi. To je vero drugacije.• , Kraji nič nimaju. Oni zapovedaju zes stvarimi. To je vero drugacije.• , Kraji nič nimao Oni zapovedaju za stvari I to je vero drugacije
A kakova ti korist od tiga ča maš zvizde?,data/test/MP_13_191.62-193.81.mp3,Mići Princ, A kako va ti korist od tiga ča maš zvizde?• ,• A kakova ti korist od tiga ča maš zvizde?• ,• A kakova ti korist od tiga ča maš zvizde?• , „A kako va ti korist od tiga ča maš zvizde?“,• A kakova ti korist od tiga ča maš zvizde?• ,• A kakova ti korist od tiga ča maš zvizde?• ,• A kakova ti korist od tiga ča maš zvizde?• ,• A kakova ti korist od tiga ča maš zvizde?• ,• A kakova ti korist od tiga ča maš zvizde?• , „A kako va ti korist od tiga ča maš zvizde?“, A kako vam ti koristio tiga čamaž vizde?
To me cini bogatin.,data/test/MP_13_194.91-196.04.mp3,Dilavac, Tu me cini bogatin. , To me cini bogatin.• , To me cini bogatin.• , To me cini bogatin.• , To me cini bogatin.• , To me cini bogatin.• , To me cini bogatin.• , To me cini bogatin.• , To me cini bogatin.• , To me cini bogatin., To me cini bogatin.
A ča ti koristi bit bogat?,data/test/MP_13_196.41-198.22.mp3,Mići Princ, A ča ti koristi bit bogat?, „A ča ti koristi bit bogat?“, „A ča ti koristi bit bogat?“, „A ča ti koristi bit bogat?“, „A ča ti koristi bit bogat?“ , „A ča ti koristi bit bogat?“, „A ča ti koristi bit bogat?“, „A ča ti koristi bit bogat?“, „A ča ti koristi bit bogat?“, „A ča ti koristi bit bogat?“, A ča ti koristi bit bogat?
"Da kupin druge zvezdi, ako ih neki najde.",data/test/MP_13_198.75-201.16.mp3,Dilavac," „Da kupin druge zvezdi, ako ih neki najde.“."," „Da kupin druge zvezdi, ako ih neki najde.“"," „Da kupin druge zvezdi, ako ih neki najde.“"," „Da kupin druge zvezdi, ako ih neki najde.“"," „Da kupin druge zvezdi, ako ih neki najde.“"," „Da kupin druge zvezdi, ako ih neki najde.“"," „Da kupin druge zvezdi, ako ih neki najde.“"," „Da kupin druge zvezdi, ako ih neki najde.“"," „Da kupin druge zvezdi, ako ih neki najde.“"," „Da kupin druge zvezdi, ako ih neki najde.“"," Da kupim druge zvezdi, ako ih neki najde."
"Ovȋ ovdi razabira skoro kot onȋ moj pijanac.“
• Kako čovik more imet zvizde?",data/test/MP_13_201.56-208.54.mp3,Mići Princ, Ovi ovdi razabira skoro kot on moj pijanac. Kako čovik more imet zvizde?, Ovi ovdi razabira skoro kot on i moj pijanac.• Kako čovik more imet zvizde?• , Ovi ovdi razabira skoro kot on i moj pijanac.• Kako čovik more imet zvizde?• , Ovi ovdi razabira skoro kot on moj pijanac.• Kako čovik more imet zvizde?• , Ovi ovdi razabira skoro kot on i moj pijanac.• Kako čovik more imet zvizde?• , Ovi ovdi razabira skoro kot on i moj pijanac.• Kako čovik more imet zvizde?• , Ovi ovdi razabira skoro kot on i moj pijanac.• Kako čovik more imet zvizde?• , Ovi ovdi razabira skoro kot on i moj pijanac.• Kako čovik more imet zvizde?• , Ovi ovdi razabira skoro kot on i moj pijanac.• Kako čovik more imet zvizde?• , Ovi ovdi razabira skoro kot on moj pijanac.• Kako čovik more imet zvizde?• , Ovi ovdje razabira skoro kod oni moj pijanac. Kako će ovih mora imet zvizde?
A kinjeve su one?,data/test/MP_13_209.12-210.19.mp3,Dilavac, A kin je ve suone?• , „A ki nje ve suone?“, „A ki nje ve suone?“, „A ki nje ve suone?“, „A ki nje ve suone?“, „A ki nje ve suone?“, „A ki nje ve suone?“, „A ki nje ve suone?“, „A ki nje ve suone?“, A ki nje ve suone?• , A kje je veseljne?
Ne znan. Ničigove.,data/test/MP_13_210.94-212.0.mp3,Mići Princ, Ne znan ničigove., „Ne znan ničigove.“, „Ne znan ničigove.“, „Ne znan ničigove.“, „Ne znan ničigove.“, „Ne znan ničigove.“, „Ne znan ničigove.“, „Ne znan ničigove.“, „Ne znan ničigove.“, Ne znan ničigove.• ," Ne znam, ničigo već."
Onda su moje aš son se ja parvi spomenul.,data/test/MP_13_212.8-215.04.mp3,Dilavac, Onda su moje aš son se ja parvi spomenul., Onda su moje aš son se ja parvi spomenul.• , Onda su moje aš son se ja parvi spomenul.• , Onda su moje aš son se ja parvi spomenul.• , Onda su moje aš son se ja parvi spomenul.• , Onda su moje aš son se ja parvi spomenul.• , Onda su moje aš son se ja parvi spomenul.• , Onda su moje aš son se ja parvi spomenul.• , Onda su moje aš son se ja parvi spomenul.• , Onda su moje aš son se ja parvi spomenul.," Onda sumo je, až sam se ja parvi spomenula,"
Ča je to zadosti?,data/test/MP_13_215.82-216.67.mp3,Mići Princ, Ča je to zadosti?, Ča je to za dosti?• Ča!• , Ča je to zadosti?• Ča!• , Ča je to za dosti?• Ča!• , Ča je to za dosti?• Ča!• , Ča je to zadosti?• Ča!• , Ča je to za dosti?• Ča!• , Ča je to za dosti?• Ča!• , Ča je to zadosti?• Ča!• , Ča je to za dosti?• Ča!• , Ča je to zadosti?
"Jušto. Kada najdes dijamant ki ni nikinjev, je tvoj. Kad najdes škoj ki ni nikinjev, je tvoj. Kad se parvi nec spomenes, to je tvoje. A zvezdi su moje aš prej mene nikomu ni palo na pamet da ih zame.",data/test/MP_13_217.2-230.4.mp3,Dilavac," Jušto, kad najdeš dijamant kini nikinjev, je tvoj. Kad najdeš škoj kini nikinjev, je tvoj. Kad se parvi nec spomenes, to je tvoje. A zvezdi su moje aš prej mene nikomu ni palo na pamet da ih zame. "," Jušto, kad najdeš dijamant ki ni nikinjev, je tvoj. Kad najdeš škoj ki ni nik nik nik je tvoj. Kad se parvi nec spomenes, to je tvoje. A zvezdi su moje aš prej mene nikom ni palo na pamet da ih zame. "," Jušto, kad najdeš dijamant ki ni nikinjev, je tvoj. Kad najdeš škoj ki ni nik nik nik je tvoj. Kad se parvi nec spomenes, to je tvoje. A zvezdi su moje aš prej mene nikom ni palo na pamet da ih zame. "," Jušto, kad najdeš dijamant ki ni nikinjev, je tvoj. Kad najdeš škoj ki ni nik nik nik je tvoj. Kad se parvi nec spomenes, to je tvoje. A zvezdi su moje aš prej mene nikom ni palo na pamet da ih zame. "," Jušto, kad najdeš dijamant ki ni nikinjev, je tvoj. Kad najdeš škoj ki ni nik nik nik je tvoj. Kad se parvi nec spomenes, to je tvoje. A zvezdi su moje aš prej mene nikom ni palo na pamet da ih zame. "," Jušto, kad najdeš dijamant ki ni nikinjev, je tvoj. Kad najdeš škoj ki ni nik nik nik je tvoj. Kad se parvi nec spomenes, to je tvoje. A zvezdi su moje aš prej mene nikom ni palo na pamet da ih zame. "," Jušto, kad najdeš dijamant ki ni nikinjev, je tvoj. Kad najdeš škoj ki ni nik nik nik je tvoj. Kad se parvi nec spomenes, to je tvoje. A zvezdi su moje aš prej mene nikom ni palo na pamet da ih zame. "," Jušto, kad najdeš dijamant ki ni nikinjev, je tvoj. Kad najdeš škoj ki ni nik nik nik je tvoj. Kad se parvi nec spomenes, to je tvoje. A zvezdi su moje aš prej mene nikom ni palo na pamet da ih zame. "," Jušto, kad najdeš dijamant ki ni nikinjev, je tvoj. Kad najdeš škoj ki ni nik nik nik je tvoj. Kad se parvi nec spomenes, to je tvoje. A zvezdi su moje aš prej mene nikom ni palo na pamet da ih zame. "," Jušto, kad najdeš dijamant ki ni nikinjev, je tvoj. Kad najdeš škoj ki ni nik nik nik je tvoj. Kad se parvi nec spomenes, to je tvoje. A zvezdi su moje aš prej mene nikom ni palo na pamet da ih zame. "," Jušto, kad najdeš dijamant kini Nikinjev, je tvoj. Kad najdeš koj kini Nikinjev, je tvoj. Kad se par vinec pomene, to je tvoje. A zvezdi su moje, až pre mene nikomu ni palo na pamet da ih zame."
Istina. I ča š njimi diljivaš?,data/test/MP_13_230.71-232.97.mp3,Mići Princ, Istina. I ča s njimi diljivaš?,• Istina. I ča š njimi diljivaš?• , Istina. I ča s njimi diljivaš?• ,• Istina. I ča s njimi diljivaš?• ,• Istina. I ča s njimi diljivaš?• , Istina. I ča s njimi diljivaš?• ,• Istina. I ča š njimi diljivaš?• ,• Istina. I ča š njimi diljivaš?• , Istina. I ča s njimi diljivaš?• ,• Istina. I ča s njimi diljivaš?• , Istina. I čaš njimi djelivaš?
"Zapovedan, brojin i prebrojavan. Je tesko. Ma ja son vero seriji covek.",data/test/MP_13_233.11-238.04.mp3,Dilavac," Zapovedan, brojin i prebrojavan. Je tesko, ma ja son vero seriji covek. "," Zapovedan, brojin i prebrojavan. Je tesko, ma ja son vero seriji covek. "," Zapovedan, brojin i prebrojavan. Je tesko, ma ja son vero seriji covek. "," Zapovedan, brojin i prebrojavan. Je tesko, ma ja son vero seriji covek. "," Zapovedan, brojin i prebrojavan. Je tesko, ma ja son vero seriji covek. "," Zapovedan, brojin i prebrojavan. Je tesko, ma ja son vero seriji covek. "," Zapovedan, brojin i prebrojavan. Je tesko, ma ja son vero seriji covek. "," Zapovedan, brojin i prebrojavan. Je tesko, ma ja son vero seriji covek. "," Zapovedan, brojin i prebrojavan. Je tesko, ma ja son vero seriji covek. "," Zapovedan, brojin i prebrojavan. Je tesko, ma ja son vero seriji covek. "," Zapovedan, brojni, prebrojavan. Je tesko. Ma ja sam veroseriji čovjek."
"Vako: ko man rub, moren ga stavit okoli vrata i odnest ga. Ko man rožicu, moren je pobrat i odnest je. Ali ti ne moreš nabrat zvizde!",data/test/MP_13_239.34-249.67.mp3,Mići Princ," Vako, ko man rub, moren ga stavit okoli vrata i odnest ga. Ko man rožicu, moren je pobrat i odnest je. Ali ti ne moreš nabrat zvizde!"," Vako, ko man rub, moren ga stavit okol vrata i odnest ga. Ko man rožicu, moren je pobrat i odnest je. Ali ti ne moreš nabrat zvizde!"," Vako, ko man rub, moren ga stavit okol vrata i odnest ga. Ko man rožicu, moren je pobrat i odnest je. Ali ti ne moreš nabrat zvizde!"," Vako, ko man rub, moren ga stavit okol vrata i odnest ga. Ko man rožicu, moren je pobrat i odnest je. Ali ti ne moreš nabrat zvizde!"," Vako, ko man rub, moren ga stavit okol vrata i odnest ga. Ko man rožicu, moren je pobrat i odnest je. Ali ti ne moreš nabrat zvizde!"," Vako, ko man rub, moren ga stavit okol vrata i odnest ga. Ko man rožicu, moren je pobrat i odnest je. Ali ti ne moreš nabrat zvizde!"," Vako, ko man rub, moren ga stavit okol vrata i odnest ga. Ko man rožicu, moren je pobrat i odnest je. Ali ti ne moreš nabrat zvizde!"," Vako, ko man rub, moren ga stavit okol vrata i odnest ga. Ko man rožicu, moren je pobrat i odnest je. Ali ti ne moreš nabrat zvizde!"," Vako, ko man rub, moren ga stavit okol vrata i odnest ga. Ko man rožicu, moren je pobrat i odnest je. Ali ti ne moreš nabrat zvizde!"," Vako, ko man rub, moren ga stavit okol vrata i odnest ga. Ko man rožicu, moren je pobrat i odnestje. Ali ti ne moreš nabrat zvizde!"," Vako, koman rub, moram ga staviti okol vrata i odnes ga. Koman rožicu, moram je pobrati i odnesti je. Ali ti ne moreš nabrati zvizde."
"Ne, ma ih moren stavit va banku.",data/test/MP_13_250.46-252.19.mp3,Dilavac,"• Ne, ma ih moren stavit va banku.• ","• Ne, ma ih moren stavit va banku.• ","• Ne, ma ih moren stavit va banku.• ","• Ne, ma ih moren stavit va banku.• ","• Ne, ma ih moren stavit va banku.• ","• Ne, ma ih moren stavit va banku.• ","• Ne, ma ih moren stavit va banku.• ","• Ne, ma ih moren stavit va banku.• ","• Ne, ma ih moren stavit va banku.• "," „Ne, ma ih moren stavit va banku!“."," Nema, ih moram staviti u banku."
Ča bi to reć?,data/test/MP_13_252.88-253.63.mp3,Mići Princ, Ča bi to reć?, Ča bi to rić?, Ča bi to rić?, Ča bi to rić?, Ča bi to rić?, Ča bi to rić?, Ča bi to rić?, Ča bi to rić?, Ča bi to rić?, Ča bi to rić?, Čabi Torić.
To znaci da na bokuniću karti napisen broj mojih zvezd i onda tu kartu zaklopin va tagulicu.,data/test/MP_13_254.66-260.44.mp3,Dilavac, To znaci da na bokuniću karti napisen broj mojih zvezd i onda tu kartu zaklopin va tagulicu. , To znaci da na bokuniću karti napisen broj moji zvezd i onda tu kartu zaklopin va tagulicu., To znaci da na bokuniću karti napisen broj moji zvezd i onda tu kartu zaklopin va tagulicu., To znaci da na bokuniću karti napisen broj mojih zvezd i onda tu kartu zaklopin va tagulicu.• , To znaci da na bokuniću karti napisen broj mojih zvezd i onda tu kartu zaklopin va tagulicu., To znaci da na bokuniću karti napisen broj moji zvezd i onda tu kartu zaklopin va tagulicu., To znaci da na bokuniću karti napisen broj moji zvezd i onda tu kartu zaklopin va tagulicu., To znaci da na bokuniću karti napisen broj moji zvezd i onda tu kartu zaklopin va tagulicu.• , To znaci da na bokuniću karti napisen broj moji zvezd i onda tu kartu zaklopin va tagulicu., To znaci da na bokuniću karti napisen broj mojih zvezd i onda tu kartu zaklopin va tagulicu., To znaci da na Bokuniću karti napisen broj mojih zvezd i onda tu kartu zaklopin va tagulicu.
I to je sȅ?,data/test/MP_13_260.92-261.63.mp3,Mići Princ, I to je sve., I to je sȅ., I to je sȅ., I to je sȅ., I to je sȅ., I to je sȅ., I to je sȅ., I to je sȅ., I to je sȅ., I to je sȅ., I to je sve.
To je dosti.,data/test/MP_13_262.84-263.47.mp3,Dilavac, „To dosti.“.,• To je dosti.• ,• To je dosti.• ,• To je dosti.• ,• To je dosti.• ,• To je dosti.• ,• To je dosti.• ,• To je dosti.• ,• To je dosti.• ,• To je dosti.• , To je dosti.
"To je zabavno. Fanjski poeta, ma ni jušto pravi.",data/test/MP_13_264.68-268.16.mp3,Mići Princ," To je zabavno. Fanjski poeta, ma ni jušto pravi."," To je zabavno. Fanjski poeta, ma ni jušto pravi!• "," To je zabavno. Fanjski poeta, ma ni jušto pravi!• "," To je zabavno. Fanjski poeta, ma ni jušto pravi!• "," To je zabavno. Fanjski poeta, ma ni jušto pravi!• "," To je zabavno. Fanjski poeta, ma ni jušto pravi!• "," To je zabavno. Fanjski poeta, ma ni jušto pravi!• "," To je zabavno. Fanjski poeta, ma ni jušto pravi!• "," To je zabavno. Fanjski poeta, ma ni jušto pravi!• "," To je zabavno. Fanjski poeta, ma ni jušto pravi!", To je zabavno Fajnski poeta Ma nije juš to pravi
Mići Princ je o pravimi stvari misliv skrozi drugačje nigo veli.,data/test/MP_13_268.95-272.98.mp3,Autor, Mići Princ je o pravimi stvari misliv skro drugačje nigo veli., Mići Princ je o pravimi stvari misliv skro drugačje nigo veli., Mići Princ je o pravimi stvari misliv skro drugačje nigo veli., Mići Princ je o pravimi stvari misliv skro drugačje nigo veli., Mići Princ je o pravimi stvari misliv skro drugačje nigo veli., Mići Princ je o pravimi stvari misliv skro drugačje nigo veli., Mići Princ je o pravimi stvari misliv skro drugačje nigo veli., Mići Princ je o pravimi stvari misliv skro drugačje nigo veli., Mići Princ je o pravimi stvari misliv skro drugačje nigo veli., Mići Princ je o pravimi stvari misliv skro drugačje nigo veli., Mi će princi oprave me stvari misljiv skroz drugačije neguveli.
Jast man šipak kiga saki dan zalijen. Man tri vulkana ke čistin jedanput na šetimanu. Čistin i oniga zagašeniga. Nigdar se ne zna. I za moje vulkane i za moj šipak je korisno ča jih man. Ali ti zvizdami nisi niš od koristi!,data/test/MP_13_274.46-291.37.mp3,Mići Princ, Jast man šipak kiga saki dan zalijen. Man tri vulkana ke čistin jedanput na šetimanu. Čistin i oniga zagašeniga. Nigdar se ne zna. I za moje vulkane i za moj šipak je korisno ča jih man. Ali ti zvizdami nisi niš od koristi!, Jast man šipak kiga saki dan zalijen. Man tri vulkana ke čistin jedanput na šetimanu. Čistin i oniga zagašeniga. Nigdar se ne zna. I za moje vulkane i za moj šipak je korisno ča jih man. Ali ti zvizdami nisi niš od koristi!, Jast man šipak kiga saki dan zalijen. Man tri vulkana ke čistin jedanput na šetimanu. Čistin i oniga zagašeniga. Nigdar se ne zna. I za moje vulkane i za moj šipak je korisno ča jih man. Ali ti zvizdami nisi niš od koristi!, Jast man šipak kiga saki dan zalijen. Man tri vulkana ke čistin jedanput na šetimanu. Čistin i oniga zagašeniga. Nigdar se ne zna. I za moje vulkane i za moj šipak je korisno ča jih man. Ali ti zvizdami nisi niš od koristi!, Jast man šipak kiga saki dan zalijen. Man tri vulkana ke čistin jedanput na šetimanu. Čistin i oniga zagašeniga. Nigdar se ne zna. I za moje vulkane i za moj šipak je korisno ča jih man. Ali ti zvizdami nisi niš od koristi!, Jast man šipak kiga saki dan zalijen. Man tri vulkana ke čistin jedanput na šetimanu. Čistin i oniga zagašeniga. Nigdar se ne zna. I za moje vulkane i za moj šipak je korisno ča jih man. Ali ti zvizdami nisi niš od koristi!, Jast man šipak kiga saki dan zalijen. Man tri vulkana ke čistin jedanput na šetimanu. Čistin i oniga zagašeniga. Nigdar se ne zna. I za moje vulkane i za moj šipak je korisno ča jih man. Ali ti zvizdami nisi niš od koristi!, Jast man šipak kiga saki dan zalijen. Man tri vulkana ke čistin jedanput na šetimanu. Čistin i oniga zagašeniga. Nigdar se ne zna. I za moje vulkane i za moj šipak je korisno ča jih man. Ali ti zvizdami nisi niš od koristi!, Jast man šipak kiga saki dan zalijen. Man tri vulkana ke čistin jedanput na šetimanu. Čistin i oniga zagašeniga. Nigdar se ne zna. I za moje vulkane i za moj šipak je korisno ča jih man. Ali ti zvizdami nisi niš od koristi!, Jast man šipak kiga saki dan zalijen. Man tri vulkana ke čistin jedanput na šetimanu. Čistin i oniga zagašeniga. Nigdar se ne zna. I za moje vulkane i za moj šipak je korisno ča jih man. Ali ti zvizdami nisi niš od koristi!, Ja sam man šipak koji ga saki dan zalijen. Man tri vulkane koje čistim jedan put na šetimanu. Čistim i oni ga zagaše niga. Nikdar se ne zna. Iza moje vulkane i za moj šipak je korisno čaj ih man. Ali ti izvista mi nisi ništa od koristi.
"Dilavac otpre usta, ali ni znav ča bi rekav, i Mići Princ pobigne.",data/test/MP_13_292.96-297.49.mp3,Autor," Dilavac otpre usta, ali ni znav ča bi rekav, i Mići Princ pobigne."," Dilavac otpre usta, ali ni znav ča bi rekav, i Mići Princ pobigne."," Dilavac otpre usta, ali ni znav ča bi rekav, i Mići Princ pobigne."," Dilavac otpre usta, ali ni znav ča bi rekav, i Mići Princ pobigne."," Dilavac otpre usta, ali ni znav ča bi rekav, i Mići Princ pobigne."," Dilavac otpre usta, ali ni znav ča bi rekav, i Mići Princ pobigne."," Dilavac otpre usta, ali ni znav ča bi rekav, i Mići Princ pobigne."," Dilavac otpre usta, ali ni znav ča bi rekav, i Mići Princ pobigne."," Dilavac otpre usta, ali ni znav ča bi rekav, i Mići Princ pobigne."," Dilavac otpre usta, ali ni znav ča bi rekav, i Mići Princ pobigne."," Dilavac otpre usta, ali ni znav ča bi rekao. Imići princ pobigne."
Veli su zaspraven skroz neobični!“,data/test/MP_13_298.28-300.66.mp3,Mići Princ, Veli su zaspraven skroz neobični., Veli su zaspraven skroz neobični!, Veli su zaspraven skroz neobični!, Veli su zaspraven skroz neobični!, Veli su zaspraven skroz neobični!, Veli su zaspraven skroz neobični!, Veli su zaspraven skroz neobični!, Veli su zaspraven skroz neobični!, Veli su zaspraven skroz neobični!, Veli su zaspraven skroz neobični!, veli su za spraven skroz neobični.
